CustomerID;CustomerName;Segment;Industry;Region;State;SizeFactor
C0001;Axiom Participações 001;Enterprise Estratégico;Educação;Centro-Oeste;MT;3.965
C0002;Vector Comercial 002;Enterprise Estratégico;Varejo;Sudeste;MG;4.986
C0003;Fortis Serviços 003;Enterprise Estratégico;Agronegócio;Norte/Nordeste;BA;5.272
C0004;Nexus Serviços 004;Enterprise Estratégico;Saúde;Sul;SC;4.078
C0005;Metrópole Serviços 005;Enterprise Estratégico;Logística;Sul;PR;4.213
C0006;Vértice Tecnologia 006;Enterprise Estratégico;Logística;Sudeste;MG;4.384
C0007;Plena Soluções 007;Enterprise Estratégico;Educação;Sudeste;MG;5.299
C0008;Prisma Tecnologia 008;Enterprise Estratégico;Finanças;Sudeste;MG;5.344
C0009;Artemis Participações 009;Enterprise Estratégico;Indústria;Norte/Nordeste;AM;3.68
C0010;Fortis Soluções 010;Enterprise Estratégico;Serviços;Norte/Nordeste;PA;4.255
C0011;Metrópole Serviços 011;Enterprise Estratégico;Varejo;Sudeste;ES;4.297
C0012;Plena Participações 012;Enterprise Estratégico;Logística;Centro-Oeste;GO;4.203
C0013;Boreal Logística 013;Enterprise Estratégico;Educação;Sul;PR;4.225
C0014;Pioneira Soluções 014;Enterprise Estratégico;Saúde;Sul;RS;4.673
C0015;Prisma Logística 015;Enterprise Estratégico;Indústria;Norte/Nordeste;AM;5.329
C0016;ViaNova Digital 016;Enterprise Estratégico;Serviços;Sul;RS;4.774
C0017;Nexus Tecnologia 017;Enterprise Estratégico;Varejo;Sul;PR;5.083
C0018;Alvorada Indústria 018;Enterprise Estratégico;Saúde;Centro-Oeste;GO;3.759
C0019;Central Digital 019;Enterprise Estratégico;Finanças;Sudeste;RJ;4.606
C0020;Prisma Digital 020;Enterprise Estratégico;Saúde;Centro-Oeste;MS;4.596
C0021;Croma Logística 021;Enterprise;Varejo;Norte/Nordeste;PA;2.943
C0022;Prisma Comercial 022;Enterprise;Agronegócio;Sudeste;SP;3.069
C0023;Vértice Tecnologia 023;Enterprise;Indústria;Norte/Nordeste;PE;2.886
C0024;Atlas Logística 024;Enterprise;Finanças;Centro-Oeste;MT;2.78
C0025;Prisma Digital 025;Enterprise;Finanças;Sul;PR;3.313
C0026;Elo Indústria 026;Enterprise;Finanças;Centro-Oeste;MS;2.274
C0027;Aurora Digital 027;Enterprise;Agronegócio;Sul;PR;2.895
C0028;Artemis Soluções 028;Enterprise;Logística;Sudeste;RJ;3.297
C0029;Fortis Serviços 029;Enterprise;Finanças;Sudeste;MG;3.308
C0030;Nexus Digital 030;Enterprise;Saúde;Sul;RS;2.375
C0031;Croma Serviços 031;Enterprise;Finanças;Sudeste;ES;2.582
C0032;Delta Logística 032;Enterprise;Educação;Norte/Nordeste;PA;2.417
C0033;Nexus Soluções 033;Enterprise;Indústria;Sudeste;RJ;3.157
C0034;Axiom Participações 034;Enterprise;Serviços;Sudeste;ES;2.324
C0035;Triunfo Soluções 035;Enterprise;Logística;Norte/Nordeste;PB;2.584
C0036;Viva Indústria 036;Enterprise;Varejo;Centro-Oeste;MT;2.93
C0037;Pioneira Digital 037;Enterprise;Saúde;Sul;PR;2.373
C0038;Croma Participações 038;Enterprise;Indústria;Sudeste;RJ;2.429
C0039;Lumina Digital 039;Enterprise;Finanças;Centro-Oeste;MS;3.1
C0040;Solaris Tecnologia 040;Enterprise;Saúde;Sul;SC;2.465
C0041;Futura Logística 041;Enterprise;Saúde;Sudeste;RJ;2.589
C0042;Brasilis Logística 042;Enterprise;Indústria;Norte/Nordeste;MA;2.781
C0043;Delta Indústria 043;Enterprise;Serviços;Sul;RS;3.147
C0044;NovaEra Serviços 044;Enterprise;Logística;Centro-Oeste;GO;2.516
C0045;Delta Serviços 045;Enterprise;Educação;Sul;SC;3.114
C0046;Lumina Soluções 046;Enterprise;Agronegócio;Sudeste;ES;3.247
C0047;Futura Soluções 047;Enterprise;Agronegócio;Centro-Oeste;MT;3.051
C0048;Triunfo Soluções 048;Enterprise;Indústria;Norte/Nordeste;AM;2.922
C0049;NovaEra Comercial 049;Enterprise;Indústria;Sudeste;SP;2.57
C0050;Aurora Comercial 050;Enterprise;Agronegócio;Centro-Oeste;GO;3.399
C0051;NovaEra Tecnologia 051;Enterprise;Serviços;Sudeste;ES;3.237
C0052;Plena Soluções 052;Enterprise;Logística;Sul;SC;2.318
C0053;Plena Comercial 053;Enterprise;Agronegócio;Centro-Oeste;GO;2.241
C0054;Horizonte Soluções 054;Enterprise;Indústria;Sul;PR;2.814
C0055;Integra Soluções 055;Enterprise;Finanças;Sudeste;MG;3.103
C0056;Fortis Logística 056;Enterprise;Indústria;Sudeste;SP;3.244
C0057;Axiom Soluções 057;Enterprise;Varejo;Sul;PR;3.368
C0058;Metrópole Digital 058;Enterprise;Agronegócio;Sudeste;ES;2.947
C0059;Nexus Soluções 059;Enterprise;Saúde;Centro-Oeste;MT;2.897
C0060;Vector Soluções 060;Enterprise;Agronegócio;Centro-Oeste;DF;2.855
C0061;Axiom Soluções 061;Enterprise;Finanças;Sudeste;SP;2.477
C0062;Delta Comercial 062;Enterprise;Educação;Centro-Oeste;MS;2.282
C0063;Viva Logística 063;Enterprise;Finanças;Sudeste;MG;2.241
C0064;Axiom Tecnologia 064;Enterprise;Finanças;Sudeste;RJ;2.431
C0065;Plena Participações 065;Enterprise;Indústria;Norte/Nordeste;AM;2.975
C0066;Metrópole Digital 066;Enterprise;Educação;Centro-Oeste;DF;2.702
C0067;Axiom Digital 067;Enterprise;Saúde;Sudeste;ES;2.966
C0068;Orion Soluções 068;Enterprise;Saúde;Sudeste;SP;2.923
C0069;Artemis Comercial 069;Enterprise;Finanças;Sul;SC;2.533
C0070;Prisma Digital 070;Enterprise;Saúde;Sudeste;MG;2.834
C0071;Horizonte Digital 071;Enterprise;Educação;Sudeste;ES;2.634
C0072;Aurora Soluções 072;Enterprise;Saúde;Norte/Nordeste;CE;2.286
C0073;Triunfo Logística 073;Enterprise;Varejo;Sudeste;MG;2.624
C0074;Lumina Participações 074;Enterprise;Saúde;Sudeste;ES;2.76
C0075;Pioneira Participações 075;Enterprise;Finanças;Sul;RS;2.433
C0076;Aurora Soluções 076;Enterprise;Educação;Norte/Nordeste;PA;2.21
C0077;Lumina Indústria 077;Enterprise;Educação;Sul;SC;3.323
C0078;ViaNova Digital 078;Enterprise;Saúde;Norte/Nordeste;PB;2.801
C0079;ViaNova Participações 079;Enterprise;Varejo;Sul;RS;2.547
C0080;Axiom Digital 080;Enterprise;Logística;Norte/Nordeste;PA;2.848
C0081;Atlas Serviços 081;Enterprise;Finanças;Sudeste;MG;2.339
C0082;Boreal Digital 082;Enterprise;Saúde;Sudeste;ES;2.448
C0083;Croma Soluções 083;Enterprise;Logística;Centro-Oeste;GO;2.99
C0084;Horizonte Indústria 084;Enterprise;Educação;Sudeste;ES;2.414
C0085;Axiom Soluções 085;Enterprise;Saúde;Sudeste;ES;2.293
C0086;Lumina Logística 086;Enterprise;Finanças;Sudeste;RJ;2.454
C0087;Atlas Tecnologia 087;Enterprise;Indústria;Sul;RS;2.69
C0088;Plena Logística 088;Enterprise;Saúde;Sudeste;ES;2.877
C0089;Central Serviços 089;Enterprise;Finanças;Norte/Nordeste;AM;3.388
C0090;Horizonte Serviços 090;Enterprise;Varejo;Norte/Nordeste;BA;3.154
C0091;Aurora Digital 091;Mid-Market;Logística;Norte/Nordeste;PE;1.361
C0092;Lumina Participações 092;Mid-Market;Varejo;Sudeste;RJ;1.733
C0093;Artemis Soluções 093;Mid-Market;Finanças;Sudeste;SP;1.448
C0094;Central Comercial 094;Mid-Market;Indústria;Norte/Nordeste;MA;1.18
C0095;Orion Logística 095;Mid-Market;Saúde;Sudeste;ES;1.712
C0096;Futura Participações 096;Mid-Market;Finanças;Norte/Nordeste;BA;1.473
C0097;Orion Serviços 097;Mid-Market;Serviços;Norte/Nordeste;PE;1.563
C0098;Axiom Serviços 098;Mid-Market;Agronegócio;Centro-Oeste;MT;1.702
C0099;Orion Soluções 099;Mid-Market;Educação;Sul;PR;1.219
C0100;Delta Tecnologia 100;Mid-Market;Serviços;Sul;RS;1.524
C0101;Metrópole Soluções 101;Mid-Market;Serviços;Norte/Nordeste;AM;1.192
C0102;Central Comercial 102;Mid-Market;Varejo;Norte/Nordeste;PA;1.43
C0103;Lumina Logística 103;Mid-Market;Educação;Sudeste;ES;1.596
C0104;Orion Comercial 104;Mid-Market;Logística;Sudeste;MG;1.759
C0105;Viva Logística 105;Mid-Market;Indústria;Sudeste;MG;1.616
C0106;NovaEra Comercial 106;Mid-Market;Finanças;Centro-Oeste;MS;1.218
C0107;Alvorada Tecnologia 107;Mid-Market;Agronegócio;Sudeste;ES;1.431
C0108;Atlas Participações 108;Mid-Market;Varejo;Sudeste;MG;1.157
C0109;Central Digital 109;Mid-Market;Saúde;Norte/Nordeste;PB;1.295
C0110;Croma Digital 110;Mid-Market;Serviços;Sul;RS;1.562
C0111;Elo Digital 111;Mid-Market;Serviços;Centro-Oeste;MT;1.705
C0112;Vector Digital 112;Mid-Market;Indústria;Centro-Oeste;MS;1.327
C0113;Boreal Soluções 113;Mid-Market;Agronegócio;Sudeste;MG;1.472
C0114;Elo Comercial 114;Mid-Market;Indústria;Sudeste;ES;1.297
C0115;Central Indústria 115;Mid-Market;Indústria;Norte/Nordeste;MA;1.469
C0116;Croma Comercial 116;Mid-Market;Educação;Sudeste;ES;1.384
C0117;Artemis Tecnologia 117;Mid-Market;Finanças;Sul;PR;1.474
C0118;Horizonte Comercial 118;Mid-Market;Varejo;Sudeste;MG;1.419
C0119;Artemis Digital 119;Mid-Market;Agronegócio;Sudeste;MG;1.51
C0120;Alvorada Comercial 120;Mid-Market;Saúde;Norte/Nordeste;CE;1.365
C0121;Vértice Participações 121;Mid-Market;Educação;Sudeste;ES;1.412
C0122;Futura Tecnologia 122;Mid-Market;Agronegócio;Norte/Nordeste;MA;1.394
C0123;Horizonte Tecnologia 123;Mid-Market;Agronegócio;Norte/Nordeste;RN;1.73
C0124;Solaris Serviços 124;Mid-Market;Agronegócio;Centro-Oeste;DF;1.202
C0125;Atlas Serviços 125;Mid-Market;Varejo;Sul;SC;1.74
C0126;Artemis Serviços 126;Mid-Market;Educação;Centro-Oeste;GO;1.571
C0127;Artemis Indústria 127;Mid-Market;Agronegócio;Sudeste;ES;1.67
C0128;Axiom Comercial 128;Mid-Market;Educação;Centro-Oeste;MS;1.676
C0129;Croma Serviços 129;Mid-Market;Agronegócio;Sudeste;SP;1.633
C0130;Boreal Soluções 130;Mid-Market;Saúde;Norte/Nordeste;PB;1.351
C0131;Plena Tecnologia 131;Mid-Market;Logística;Norte/Nordeste;CE;1.345
C0132;Central Logística 132;Mid-Market;Indústria;Sudeste;MG;1.234
C0133;Horizonte Serviços 133;Mid-Market;Serviços;Centro-Oeste;MT;1.309
C0134;Viva Digital 134;Mid-Market;Saúde;Sudeste;ES;1.483
C0135;Aurora Tecnologia 135;Mid-Market;Logística;Sul;PR;1.171
C0136;Alvorada Logística 136;Mid-Market;Varejo;Sul;RS;1.424
C0137;Solaris Comercial 137;Mid-Market;Saúde;Sudeste;MG;1.764
C0138;Triunfo Participações 138;Mid-Market;Saúde;Norte/Nordeste;BA;1.539
C0139;Central Comercial 139;Mid-Market;Indústria;Norte/Nordeste;MA;1.164
C0140;Vértice Serviços 140;Mid-Market;Educação;Sudeste;ES;1.578
C0141;Viva Indústria 141;Mid-Market;Agronegócio;Sudeste;SP;1.725
C0142;Vértice Tecnologia 142;Mid-Market;Serviços;Sul;PR;1.627
C0143;Brasilis Participações 143;Mid-Market;Agronegócio;Sul;RS;1.733
C0144;Futura Comercial 144;Mid-Market;Saúde;Sul;PR;1.242
C0145;Fortis Logística 145;Mid-Market;Varejo;Sudeste;RJ;1.196
C0146;Alvorada Serviços 146;Mid-Market;Indústria;Sudeste;MG;1.643
C0147;Pioneira Comercial 147;Mid-Market;Finanças;Sudeste;SP;1.176
C0148;Central Digital 148;Mid-Market;Varejo;Sudeste;MG;1.535
C0149;Axiom Indústria 149;Mid-Market;Serviços;Centro-Oeste;MT;1.336
C0150;Horizonte Digital 150;Mid-Market;Varejo;Norte/Nordeste;PE;1.787
C0151;Brasilis Comercial 151;Mid-Market;Indústria;Sudeste;SP;1.743
C0152;Brasilis Comercial 152;Mid-Market;Indústria;Sudeste;SP;1.2
C0153;NovaEra Logística 153;Mid-Market;Indústria;Centro-Oeste;MT;1.376
C0154;Aurora Participações 154;Mid-Market;Indústria;Sudeste;MG;1.559
C0155;Futura Logística 155;Mid-Market;Finanças;Sudeste;ES;1.726
C0156;Lumina Indústria 156;Mid-Market;Varejo;Sul;RS;1.652
C0157;Axiom Logística 157;Mid-Market;Finanças;Sul;PR;1.482
C0158;Solaris Indústria 158;Mid-Market;Educação;Norte/Nordeste;MA;1.203
C0159;Plena Tecnologia 159;Mid-Market;Indústria;Sudeste;RJ;1.19
C0160;Solaris Soluções 160;Mid-Market;Saúde;Sul;RS;1.228
C0161;Croma Digital 161;Mid-Market;Serviços;Sudeste;RJ;1.633
C0162;Fortis Serviços 162;Mid-Market;Saúde;Sul;SC;1.386
C0163;Fortis Participações 163;Mid-Market;Agronegócio;Sul;SC;1.4
C0164;Triunfo Comercial 164;Mid-Market;Agronegócio;Sudeste;RJ;1.637
C0165;Nexus Serviços 165;Mid-Market;Logística;Sul;PR;1.222
C0166;Croma Participações 166;Mid-Market;Finanças;Sul;RS;1.474
C0167;Orion Serviços 167;Mid-Market;Finanças;Sudeste;RJ;1.156
C0168;Boreal Tecnologia 168;Mid-Market;Indústria;Centro-Oeste;MT;1.312
C0169;Metrópole Tecnologia 169;Mid-Market;Finanças;Sul;SC;1.36
C0170;Integra Serviços 170;Mid-Market;Logística;Sudeste;SP;1.676
C0171;Vector Tecnologia 171;Mid-Market;Logística;Norte/Nordeste;RN;1.56
C0172;Viva Comercial 172;Mid-Market;Agronegócio;Norte/Nordeste;PE;1.207
C0173;ViaNova Logística 173;Mid-Market;Indústria;Sudeste;ES;1.284
C0174;Fortis Comercial 174;Mid-Market;Varejo;Sudeste;ES;1.702
C0175;Artemis Indústria 175;Mid-Market;Indústria;Sul;RS;1.302
C0176;Croma Logística 176;Mid-Market;Indústria;Sul;RS;1.658
C0177;Lumina Tecnologia 177;Mid-Market;Saúde;Norte/Nordeste;BA;1.65
C0178;Boreal Logística 178;Mid-Market;Saúde;Norte/Nordeste;BA;1.542
C0179;Futura Tecnologia 179;Mid-Market;Saúde;Centro-Oeste;MS;1.717
C0180;ViaNova Serviços 180;Mid-Market;Logística;Sudeste;RJ;1.271
C0181;Metrópole Indústria 181;Mid-Market;Educação;Sudeste;RJ;1.563
C0182;Brasilis Serviços 182;Mid-Market;Finanças;Sudeste;ES;1.701
C0183;Lumina Indústria 183;Mid-Market;Varejo;Norte/Nordeste;AM;1.375
C0184;Pioneira Serviços 184;Mid-Market;Indústria;Sul;RS;1.288
C0185;Vértice Serviços 185;Mid-Market;Agronegócio;Sul;RS;1.576
C0186;Orion Digital 186;Mid-Market;Saúde;Sudeste;ES;1.468
C0187;Central Digital 187;Mid-Market;Educação;Sudeste;RJ;1.159
C0188;Vector Logística 188;Mid-Market;Agronegócio;Sul;RS;1.205
C0189;Viva Digital 189;Mid-Market;Logística;Sudeste;SP;1.408
C0190;Axiom Logística 190;Mid-Market;Serviços;Norte/Nordeste;AM;1.77
C0191;Horizonte Soluções 191;Mid-Market;Finanças;Sudeste;SP;1.654
C0192;Artemis Tecnologia 192;Mid-Market;Educação;Sudeste;RJ;1.249
C0193;Elo Participações 193;Mid-Market;Serviços;Norte/Nordeste;RN;1.732
C0194;Sigma Tecnologia 194;Mid-Market;Agronegócio;Centro-Oeste;MS;1.173
C0195;Solaris Indústria 195;Mid-Market;Varejo;Centro-Oeste;MT;1.584
C0196;Brasilis Tecnologia 196;Mid-Market;Educação;Norte/Nordeste;BA;1.175
C0197;Metrópole Digital 197;Mid-Market;Finanças;Sudeste;SP;1.301
C0198;Atlas Logística 198;Mid-Market;Educação;Sul;PR;1.421
C0199;Vértice Tecnologia 199;Mid-Market;Serviços;Sudeste;MG;1.155
C0200;Boreal Comercial 200;Mid-Market;Indústria;Sul;SC;1.239
C0201;Futura Serviços 201;Mid-Market;Finanças;Sul;SC;1.497
C0202;Lumina Logística 202;Mid-Market;Finanças;Sudeste;ES;1.66
C0203;Futura Tecnologia 203;Mid-Market;Serviços;Sul;RS;1.452
C0204;Solaris Digital 204;Mid-Market;Educação;Sudeste;MG;1.697
C0205;Vector Tecnologia 205;Mid-Market;Varejo;Sudeste;RJ;1.456
C0206;Horizonte Soluções 206;Mid-Market;Serviços;Sudeste;ES;1.412
C0207;Prisma Soluções 207;Mid-Market;Serviços;Sudeste;MG;1.718
C0208;Prisma Soluções 208;Mid-Market;Agronegócio;Sudeste;ES;1.406
C0209;Fortis Soluções 209;Mid-Market;Saúde;Sudeste;RJ;1.354
C0210;Orion Soluções 210;Mid-Market;Educação;Sul;SC;1.726
C0211;Aurora Comercial 211;Mid-Market;Logística;Sudeste;SP;1.626
C0212;Central Tecnologia 212;Mid-Market;Agronegócio;Norte/Nordeste;PE;1.15
C0213;Axiom Comercial 213;Mid-Market;Agronegócio;Sul;RS;1.306
C0214;Alvorada Indústria 214;Mid-Market;Educação;Sudeste;SP;1.455
C0215;Brasilis Serviços 215;Mid-Market;Educação;Sudeste;SP;1.777
C0216;Plena Serviços 216;Mid-Market;Logística;Sudeste;ES;1.7
C0217;Atlas Tecnologia 217;Mid-Market;Logística;Sul;RS;1.655
C0218;Delta Indústria 218;Mid-Market;Varejo;Sudeste;SP;1.342
C0219;Metrópole Logística 219;Mid-Market;Serviços;Sudeste;ES;1.39
C0220;Integra Indústria 220;Mid-Market;Indústria;Sudeste;RJ;1.329
C0221;Viva Indústria 221;Mid-Market;Finanças;Sudeste;ES;1.445
C0222;Central Digital 222;Mid-Market;Logística;Sul;SC;1.294
C0223;Artemis Tecnologia 223;Mid-Market;Saúde;Sul;PR;1.496
C0224;Elo Soluções 224;Mid-Market;Saúde;Sudeste;RJ;1.372
C0225;Croma Serviços 225;Mid-Market;Saúde;Sudeste;RJ;1.591
C0226;Atlas Comercial 226;Mid-Market;Varejo;Sudeste;ES;1.613
C0227;Futura Comercial 227;Mid-Market;Agronegócio;Sul;RS;1.671
C0228;NovaEra Digital 228;Mid-Market;Finanças;Sudeste;SP;1.652
C0229;Prisma Serviços 229;Mid-Market;Saúde;Norte/Nordeste;RN;1.711
C0230;Elo Logística 230;Mid-Market;Agronegócio;Norte/Nordeste;RN;1.492
C0231;Sigma Logística 231;Mid-Market;Indústria;Norte/Nordeste;PB;1.461
C0232;Boreal Serviços 232;Mid-Market;Agronegócio;Centro-Oeste;MS;1.615
C0233;Alvorada Logística 233;Mid-Market;Educação;Sudeste;MG;1.355
C0234;Horizonte Indústria 234;Mid-Market;Varejo;Sul;PR;1.22
C0235;Orion Tecnologia 235;Mid-Market;Logística;Sul;RS;1.454
C0236;Metrópole Soluções 236;Mid-Market;Indústria;Sul;PR;1.285
C0237;Pioneira Comercial 237;Mid-Market;Serviços;Norte/Nordeste;MA;1.614
C0238;Aurora Soluções 238;Mid-Market;Indústria;Sudeste;SP;1.606
C0239;Axiom Serviços 239;Mid-Market;Finanças;Sudeste;SP;1.155
C0240;ViaNova Digital 240;Mid-Market;Logística;Sudeste;MG;1.356
C0241;ViaNova Serviços 241;Mid-Market;Educação;Sul;PR;1.261
C0242;Croma Soluções 242;Mid-Market;Finanças;Sul;RS;1.306
C0243;Triunfo Digital 243;Mid-Market;Finanças;Sul;RS;1.769
C0244;Nexus Participações 244;Mid-Market;Saúde;Sudeste;MG;1.687
C0245;Futura Participações 245;Mid-Market;Educação;Centro-Oeste;MT;1.237
C0246;Plena Tecnologia 246;Mid-Market;Varejo;Sudeste;MG;1.676
C0247;Orion Comercial 247;Mid-Market;Saúde;Norte/Nordeste;MA;1.285
C0248;Horizonte Comercial 248;Mid-Market;Agronegócio;Norte/Nordeste;PB;1.772
C0249;Delta Comercial 249;Mid-Market;Educação;Sudeste;RJ;1.161
C0250;Fortis Serviços 250;Mid-Market;Varejo;Norte/Nordeste;PE;1.745
C0251;Vértice Participações 251;Mid-Market;Finanças;Centro-Oeste;DF;1.328
C0252;Horizonte Comercial 252;Mid-Market;Saúde;Sul;RS;1.189
C0253;Plena Soluções 253;Mid-Market;Agronegócio;Sudeste;ES;1.389
C0254;Sigma Logística 254;Mid-Market;Agronegócio;Sudeste;ES;1.306
C0255;Sigma Tecnologia 255;Mid-Market;Varejo;Sudeste;ES;1.265
C0256;Brasilis Comercial 256;Mid-Market;Varejo;Centro-Oeste;GO;1.761
C0257;Croma Tecnologia 257;Mid-Market;Serviços;Sul;SC;1.433
C0258;Lumina Participações 258;Mid-Market;Educação;Sudeste;RJ;1.629
C0259;Metrópole Soluções 259;Mid-Market;Agronegócio;Sudeste;RJ;1.674
C0260;Elo Serviços 260;Mid-Market;Serviços;Centro-Oeste;MS;1.19
C0261;ViaNova Serviços 261;Mid-Market;Educação;Sudeste;MG;1.416
C0262;Artemis Soluções 262;Mid-Market;Educação;Sul;SC;1.728
C0263;Vector Comercial 263;Mid-Market;Logística;Sul;RS;1.466
C0264;ViaNova Soluções 264;Mid-Market;Agronegócio;Sudeste;RJ;1.309
C0265;Central Indústria 265;Mid-Market;Varejo;Sul;RS;1.224
C0266;Aurora Soluções 266;Mid-Market;Indústria;Sul;SC;1.371
C0267;Futura Comercial 267;Mid-Market;Finanças;Sudeste;MG;1.675
C0268;Pioneira Comercial 268;Mid-Market;Finanças;Sul;PR;1.485
C0269;ViaNova Tecnologia 269;Mid-Market;Saúde;Sul;SC;1.663
C0270;Sigma Indústria 270;Mid-Market;Saúde;Sudeste;ES;1.628
C0271;Artemis Indústria 271;Mid-Market;Educação;Sul;SC;1.538
C0272;Boreal Comercial 272;Mid-Market;Saúde;Sudeste;RJ;1.175
C0273;Vector Digital 273;Mid-Market;Logística;Centro-Oeste;GO;1.727
C0274;Horizonte Comercial 274;Mid-Market;Saúde;Norte/Nordeste;BA;1.791
C0275;Fortis Soluções 275;Mid-Market;Educação;Sudeste;RJ;1.153
C0276;Axiom Serviços 276;Mid-Market;Educação;Sul;RS;1.574
C0277;Croma Participações 277;Mid-Market;Agronegócio;Norte/Nordeste;AM;1.359
C0278;Viva Digital 278;Mid-Market;Educação;Sudeste;SP;1.751
C0279;NovaEra Logística 279;Mid-Market;Educação;Norte/Nordeste;PB;1.401
C0280;Triunfo Participações 280;Mid-Market;Educação;Sudeste;MG;1.258
C0281;Sigma Comercial 281;Mid-Market;Agronegócio;Norte/Nordeste;RN;1.603
C0282;Brasilis Soluções 282;Mid-Market;Indústria;Sudeste;SP;1.166
C0283;NovaEra Indústria 283;Mid-Market;Educação;Sul;RS;1.561
C0284;Fortis Participações 284;Mid-Market;Logística;Sudeste;ES;1.587
C0285;Lumina Indústria 285;Mid-Market;Finanças;Sudeste;MG;1.314
C0286;Atlas Participações 286;Mid-Market;Serviços;Sudeste;ES;1.531
C0287;Brasilis Tecnologia 287;Mid-Market;Educação;Sudeste;SP;1.769
C0288;Orion Indústria 288;Mid-Market;Agronegócio;Sudeste;ES;1.418
C0289;Aurora Indústria 289;Mid-Market;Finanças;Norte/Nordeste;MA;1.783
C0290;Prisma Tecnologia 290;Mid-Market;Finanças;Centro-Oeste;MS;1.438
C0291;Brasilis Digital 291;Mid-Market;Agronegócio;Sul;PR;1.691
C0292;Axiom Tecnologia 292;Mid-Market;Agronegócio;Sudeste;RJ;1.285
C0293;Orion Soluções 293;Mid-Market;Varejo;Centro-Oeste;MS;1.372
C0294;Pioneira Comercial 294;Mid-Market;Logística;Sul;RS;1.466
C0295;Atlas Serviços 295;Mid-Market;Saúde;Norte/Nordeste;MA;1.657
C0296;Pioneira Serviços 296;Mid-Market;Finanças;Sul;RS;1.541
C0297;Alvorada Participações 297;Mid-Market;Agronegócio;Sudeste;MG;1.689
C0298;NovaEra Serviços 298;Mid-Market;Saúde;Sudeste;SP;1.374
C0299;Elo Serviços 299;Mid-Market;Varejo;Sudeste;MG;1.298
C0300;ViaNova Tecnologia 300;Mid-Market;Educação;Sudeste;SP;1.197
C0301;Vértice Serviços 301;SMB;Varejo;Centro-Oeste;GO;0.972
C0302;Orion Logística 302;SMB;Educação;Sudeste;ES;0.654
C0303;Pioneira Digital 303;SMB;Logística;Sul;PR;0.744
C0304;Orion Logística 304;SMB;Indústria;Sudeste;SP;0.632
C0305;Pioneira Soluções 305;SMB;Finanças;Sudeste;MG;0.966
C0306;Futura Digital 306;SMB;Logística;Sul;PR;0.827
C0307;Viva Soluções 307;SMB;Educação;Sul;PR;0.775
C0308;Elo Digital 308;SMB;Serviços;Centro-Oeste;DF;0.801
C0309;Viva Soluções 309;SMB;Finanças;Sul;PR;0.999
C0310;Elo Soluções 310;SMB;Educação;Sudeste;MG;0.65
C0311;ViaNova Tecnologia 311;SMB;Saúde;Centro-Oeste;GO;0.879
C0312;Metrópole Serviços 312;SMB;Varejo;Norte/Nordeste;BA;0.659
C0313;Pioneira Serviços 313;SMB;Saúde;Sul;PR;0.774
C0314;Horizonte Serviços 314;SMB;Serviços;Sudeste;ES;0.841
C0315;Delta Serviços 315;SMB;Logística;Norte/Nordeste;PA;0.651
C0316;Alvorada Logística 316;SMB;Varejo;Sul;RS;1.04
C0317;Horizonte Digital 317;SMB;Saúde;Norte/Nordeste;RN;0.992
C0318;Plena Soluções 318;SMB;Educação;Sudeste;SP;0.904
C0319;Horizonte Participações 319;SMB;Serviços;Sudeste;RJ;0.805
C0320;Delta Tecnologia 320;SMB;Agronegócio;Centro-Oeste;MS;1.036
C0321;Central Logística 321;SMB;Saúde;Sudeste;SP;0.689
C0322;Pioneira Tecnologia 322;SMB;Saúde;Sudeste;ES;0.624
C0323;Lumina Logística 323;SMB;Educação;Centro-Oeste;GO;0.685
C0324;Brasilis Soluções 324;SMB;Agronegócio;Sul;RS;0.811
C0325;Plena Logística 325;SMB;Educação;Norte/Nordeste;CE;0.953
C0326;Sigma Tecnologia 326;SMB;Finanças;Sudeste;MG;0.6
C0327;Central Digital 327;SMB;Educação;Sudeste;MG;0.851
C0328;Solaris Comercial 328;SMB;Saúde;Centro-Oeste;MT;1.014
C0329;Sigma Comercial 329;SMB;Indústria;Sudeste;ES;0.805
C0330;ViaNova Participações 330;SMB;Serviços;Sudeste;SP;0.859
C0331;Alvorada Tecnologia 331;SMB;Saúde;Centro-Oeste;GO;0.813
C0332;Futura Participações 332;SMB;Serviços;Sudeste;SP;1.04
C0333;ViaNova Comercial 333;SMB;Logística;Norte/Nordeste;AM;0.851
C0334;Croma Soluções 334;SMB;Saúde;Sudeste;RJ;0.791
C0335;Alvorada Indústria 335;SMB;Agronegócio;Sudeste;RJ;1.033
C0336;Pioneira Comercial 336;SMB;Serviços;Sudeste;RJ;0.668
C0337;Prisma Digital 337;SMB;Serviços;Sudeste;ES;0.622
C0338;Brasilis Indústria 338;SMB;Finanças;Sudeste;ES;0.87
C0339;Croma Indústria 339;SMB;Varejo;Centro-Oeste;GO;0.588
C0340;Prisma Digital 340;SMB;Serviços;Sudeste;SP;0.863
C0341;Sigma Serviços 341;SMB;Indústria;Sudeste;MG;0.779
C0342;Sigma Serviços 342;SMB;Serviços;Sudeste;SP;1.041
C0343;Aurora Indústria 343;SMB;Saúde;Sul;RS;0.741
C0344;NovaEra Tecnologia 344;SMB;Logística;Norte/Nordeste;MA;0.762
C0345;Delta Soluções 345;SMB;Saúde;Sudeste;RJ;0.899
C0346;Lumina Soluções 346;SMB;Serviços;Sudeste;SP;0.937
C0347;Pioneira Indústria 347;SMB;Serviços;Sul;SC;0.942
C0348;Vector Participações 348;SMB;Agronegócio;Sul;RS;0.638
C0349;Central Logística 349;SMB;Varejo;Sudeste;SP;0.659
C0350;Artemis Logística 350;SMB;Logística;Sudeste;MG;0.821
C0351;Alvorada Tecnologia 351;SMB;Logística;Sudeste;RJ;0.942
C0352;Integra Indústria 352;SMB;Indústria;Centro-Oeste;MS;0.835
C0353;Central Logística 353;SMB;Serviços;Sudeste;MG;0.925
C0354;Horizonte Logística 354;SMB;Saúde;Sul;RS;0.661
C0355;Fortis Logística 355;SMB;Agronegócio;Sudeste;RJ;1.033
C0356;Plena Serviços 356;SMB;Indústria;Centro-Oeste;DF;0.774
C0357;Nexus Serviços 357;SMB;Finanças;Norte/Nordeste;PE;1.046
C0358;Futura Indústria 358;SMB;Varejo;Sul;PR;0.974
C0359;NovaEra Soluções 359;SMB;Educação;Sudeste;ES;0.583
C0360;Nexus Soluções 360;SMB;Indústria;Sudeste;MG;0.876
C0361;ViaNova Soluções 361;SMB;Logística;Norte/Nordeste;PE;0.998
C0362;Axiom Indústria 362;SMB;Varejo;Norte/Nordeste;AM;0.631
C0363;Nexus Digital 363;SMB;Serviços;Sul;PR;0.767
C0364;Solaris Comercial 364;SMB;Agronegócio;Norte/Nordeste;AM;0.59
C0365;Axiom Soluções 365;SMB;Logística;Sul;PR;0.722
C0366;Axiom Soluções 366;SMB;Serviços;Norte/Nordeste;PA;1.025
C0367;Orion Comercial 367;SMB;Logística;Norte/Nordeste;BA;0.773
C0368;Plena Soluções 368;SMB;Saúde;Sudeste;ES;0.733
C0369;Triunfo Comercial 369;SMB;Finanças;Norte/Nordeste;AM;0.585
C0370;Pioneira Tecnologia 370;SMB;Indústria;Centro-Oeste;GO;0.951
C0371;Elo Digital 371;SMB;Logística;Sudeste;ES;0.595
C0372;Metrópole Logística 372;SMB;Agronegócio;Sul;PR;0.891
C0373;Croma Indústria 373;SMB;Indústria;Sudeste;ES;1.039
C0374;NovaEra Serviços 374;SMB;Serviços;Norte/Nordeste;RN;0.634
C0375;Plena Soluções 375;SMB;Agronegócio;Centro-Oeste;DF;0.788
C0376;Atlas Soluções 376;SMB;Indústria;Sul;PR;0.884
C0377;Triunfo Soluções 377;SMB;Finanças;Sul;SC;0.738
C0378;Futura Logística 378;SMB;Indústria;Sudeste;SP;0.961
C0379;Sigma Logística 379;SMB;Agronegócio;Sudeste;ES;0.632
C0380;Prisma Comercial 380;SMB;Agronegócio;Sudeste;RJ;0.855
C0381;Plena Logística 381;SMB;Indústria;Norte/Nordeste;PE;0.787
C0382;Integra Digital 382;SMB;Educação;Sudeste;SP;0.796
C0383;NovaEra Logística 383;SMB;Finanças;Sul;PR;0.848
C0384;Croma Soluções 384;SMB;Logística;Sul;SC;0.642
C0385;Horizonte Soluções 385;SMB;Varejo;Centro-Oeste;MT;0.749
C0386;Artemis Serviços 386;SMB;Indústria;Norte/Nordeste;CE;0.734
C0387;Delta Indústria 387;SMB;Varejo;Sul;PR;0.98
C0388;Alvorada Digital 388;SMB;Finanças;Sudeste;ES;0.866
C0389;Nexus Soluções 389;SMB;Indústria;Sudeste;SP;0.84
C0390;Sigma Tecnologia 390;SMB;Logística;Sul;SC;0.944
C0391;Lumina Digital 391;SMB;Logística;Centro-Oeste;GO;0.552
C0392;Pioneira Indústria 392;SMB;Agronegócio;Centro-Oeste;GO;0.598
C0393;Axiom Soluções 393;SMB;Finanças;Sudeste;RJ;0.692
C0394;NovaEra Indústria 394;SMB;Finanças;Sudeste;RJ;0.783
C0395;Viva Digital 395;SMB;Indústria;Sul;RS;0.931
C0396;NovaEra Digital 396;SMB;Finanças;Centro-Oeste;MS;0.669
C0397;Aurora Indústria 397;SMB;Finanças;Norte/Nordeste;AM;0.731
C0398;Sigma Soluções 398;SMB;Serviços;Sudeste;RJ;0.652
C0399;Vértice Tecnologia 399;SMB;Serviços;Sudeste;MG;0.684
C0400;Axiom Participações 400;SMB;Indústria;Sudeste;ES;0.575
C0401;Plena Participações 401;SMB;Serviços;Sul;PR;0.754
C0402;Vértice Comercial 402;SMB;Finanças;Norte/Nordeste;PB;0.865
C0403;Horizonte Digital 403;SMB;Saúde;Centro-Oeste;MS;0.843
C0404;NovaEra Soluções 404;SMB;Varejo;Sudeste;MG;0.563
C0405;Vértice Participações 405;SMB;Serviços;Centro-Oeste;MT;0.934
C0406;Fortis Digital 406;SMB;Indústria;Norte/Nordeste;CE;0.644
C0407;Vértice Soluções 407;SMB;Finanças;Sul;RS;1.045
C0408;Croma Participações 408;SMB;Educação;Sudeste;MG;1.045
C0409;Prisma Serviços 409;SMB;Saúde;Sul;SC;0.576
C0410;Futura Serviços 410;SMB;Agronegócio;Sul;PR;0.92
C0411;Lumina Digital 411;SMB;Indústria;Centro-Oeste;MS;0.68
C0412;Aurora Digital 412;SMB;Finanças;Sudeste;SP;0.654
C0413;Elo Comercial 413;SMB;Agronegócio;Sudeste;MG;0.999
C0414;Aurora Comercial 414;SMB;Serviços;Sudeste;ES;0.862
C0415;Delta Indústria 415;SMB;Logística;Sudeste;MG;0.864
C0416;Solaris Tecnologia 416;SMB;Logística;Sudeste;MG;0.791
C0417;Futura Logística 417;SMB;Indústria;Norte/Nordeste;PA;0.667
C0418;Elo Participações 418;SMB;Finanças;Sul;SC;0.647
C0419;Aurora Participações 419;SMB;Agronegócio;Sul;PR;0.872
C0420;Vector Logística 420;SMB;Educação;Sul;PR;0.957
C0421;Elo Participações 421;SMB;Finanças;Sul;PR;0.875
C0422;Nexus Digital 422;SMB;Finanças;Norte/Nordeste;CE;0.992
C0423;Vértice Participações 423;SMB;Serviços;Sudeste;RJ;0.822
C0424;Prisma Indústria 424;SMB;Varejo;Sudeste;MG;0.652
C0425;Integra Indústria 425;SMB;Educação;Sudeste;ES;0.938
C0426;Vector Participações 426;SMB;Logística;Sul;PR;0.586
C0427;Futura Serviços 427;SMB;Saúde;Sudeste;ES;0.66
C0428;Atlas Serviços 428;SMB;Indústria;Sul;RS;0.665
C0429;Vértice Tecnologia 429;SMB;Educação;Sudeste;ES;0.754
C0430;Axiom Digital 430;SMB;Serviços;Sudeste;ES;0.911
C0431;Artemis Indústria 431;SMB;Educação;Sudeste;ES;0.998
C0432;Artemis Digital 432;SMB;Educação;Norte/Nordeste;CE;1.039
C0433;Plena Soluções 433;SMB;Serviços;Sudeste;SP;0.709
C0434;Brasilis Indústria 434;SMB;Finanças;Sudeste;RJ;1.0
C0435;Integra Soluções 435;SMB;Serviços;Norte/Nordeste;PA;0.716
C0436;Triunfo Indústria 436;SMB;Finanças;Norte/Nordeste;RN;0.633
C0437;Solaris Soluções 437;SMB;Serviços;Sudeste;MG;0.988
C0438;NovaEra Participações 438;SMB;Agronegócio;Sudeste;MG;0.582
C0439;ViaNova Serviços 439;SMB;Agronegócio;Norte/Nordeste;PE;0.968
C0440;Fortis Logística 440;SMB;Saúde;Centro-Oeste;DF;0.971
C0441;Boreal Soluções 441;SMB;Serviços;Sul;SC;0.877
C0442;Aurora Digital 442;SMB;Varejo;Norte/Nordeste;PE;0.953
C0443;Artemis Tecnologia 443;SMB;Finanças;Sudeste;SP;1.018
C0444;Horizonte Participações 444;SMB;Saúde;Sudeste;SP;0.919
C0445;Alvorada Indústria 445;SMB;Agronegócio;Sul;PR;1.023
C0446;Nexus Soluções 446;SMB;Saúde;Norte/Nordeste;PB;0.74
C0447;Central Comercial 447;SMB;Logística;Sudeste;ES;0.694
C0448;Brasilis Logística 448;SMB;Finanças;Sudeste;SP;0.923
C0449;ViaNova Logística 449;SMB;Saúde;Norte/Nordeste;AM;1.009
C0450;Prisma Logística 450;SMB;Saúde;Sudeste;ES;0.683
C0451;Alvorada Indústria 451;SMB;Indústria;Sudeste;ES;1.041
C0452;Orion Soluções 452;SMB;Educação;Centro-Oeste;MT;0.714
C0453;Nexus Digital 453;SMB;Varejo;Centro-Oeste;DF;0.997
C0454;Metrópole Logística 454;SMB;Serviços;Sudeste;RJ;0.98
C0455;Brasilis Comercial 455;SMB;Varejo;Sudeste;RJ;0.665
C0456;Vector Tecnologia 456;SMB;Saúde;Sudeste;SP;0.826
C0457;Nexus Digital 457;SMB;Finanças;Sul;SC;0.798
C0458;Alvorada Participações 458;SMB;Finanças;Centro-Oeste;GO;1.006
C0459;Futura Comercial 459;SMB;Logística;Sul;PR;1.018
C0460;Lumina Serviços 460;SMB;Agronegócio;Norte/Nordeste;PA;0.963
C0461;Delta Tecnologia 461;SMB;Varejo;Sul;SC;0.893
C0462;Axiom Indústria 462;SMB;Agronegócio;Sudeste;SP;0.626
C0463;Plena Tecnologia 463;SMB;Agronegócio;Sul;SC;0.722
C0464;Boreal Logística 464;SMB;Serviços;Sul;SC;0.726
C0465;Brasilis Soluções 465;SMB;Serviços;Sudeste;RJ;0.864
C0466;Artemis Serviços 466;SMB;Finanças;Norte/Nordeste;MA;0.687
C0467;Viva Participações 467;SMB;Finanças;Norte/Nordeste;PA;0.567
C0468;Vector Indústria 468;SMB;Serviços;Sudeste;ES;0.951
C0469;Alvorada Digital 469;SMB;Educação;Sul;PR;0.707
C0470;Nexus Soluções 470;SMB;Logística;Centro-Oeste;MT;1.007
C0471;ViaNova Participações 471;SMB;Indústria;Sudeste;ES;0.63
C0472;Prisma Soluções 472;SMB;Serviços;Sudeste;MG;0.93
C0473;Viva Serviços 473;SMB;Saúde;Sudeste;RJ;0.604
C0474;Brasilis Tecnologia 474;SMB;Logística;Sul;SC;0.896
C0475;Triunfo Logística 475;SMB;Serviços;Sudeste;MG;0.761
C0476;Solaris Logística 476;SMB;Indústria;Sul;RS;0.783
C0477;Vértice Digital 477;SMB;Agronegócio;Sul;PR;0.84
C0478;Prisma Logística 478;SMB;Varejo;Sudeste;MG;0.587
C0479;Alvorada Indústria 479;SMB;Agronegócio;Sul;PR;0.552
C0480;Sigma Digital 480;SMB;Indústria;Norte/Nordeste;AM;0.734
C0481;Elo Soluções 481;SMB;Saúde;Sudeste;SP;0.645
C0482;Integra Indústria 482;SMB;Logística;Sudeste;MG;0.96
C0483;Delta Comercial 483;SMB;Logística;Norte/Nordeste;RN;0.678
C0484;ViaNova Serviços 484;SMB;Indústria;Norte/Nordeste;PB;0.73
C0485;Alvorada Participações 485;SMB;Logística;Sudeste;SP;0.64
C0486;ViaNova Logística 486;SMB;Varejo;Sul;RS;1.002
C0487;ViaNova Digital 487;SMB;Saúde;Sudeste;ES;0.832
C0488;Solaris Comercial 488;SMB;Saúde;Sudeste;MG;0.739
C0489;Axiom Comercial 489;SMB;Indústria;Sudeste;ES;0.667
C0490;Vector Serviços 490;SMB;Logística;Sul;PR;0.996
C0491;Atlas Soluções 491;SMB;Serviços;Norte/Nordeste;PB;0.941
C0492;Artemis Soluções 492;SMB;Saúde;Sudeste;RJ;0.58
C0493;Central Indústria 493;SMB;Saúde;Sudeste;ES;0.874
C0494;Triunfo Logística 494;SMB;Indústria;Sudeste;MG;0.699
C0495;Central Soluções 495;SMB;Saúde;Sudeste;RJ;0.881
C0496;Boreal Tecnologia 496;SMB;Varejo;Sul;RS;0.873
C0497;Solaris Soluções 497;SMB;Serviços;Norte/Nordeste;PA;0.854
C0498;Triunfo Tecnologia 498;SMB;Varejo;Sudeste;RJ;0.733
C0499;Plena Participações 499;SMB;Serviços;Sudeste;MG;0.977
C0500;Orion Comercial 500;SMB;Indústria;Norte/Nordeste;CE;0.73
C0501;Vector Indústria 501;SMB;Indústria;Norte/Nordeste;CE;0.61
C0502;Elo Serviços 502;SMB;Finanças;Norte/Nordeste;AM;0.765
C0503;Triunfo Indústria 503;SMB;Logística;Sul;SC;0.655
C0504;Pioneira Serviços 504;SMB;Indústria;Norte/Nordeste;PB;0.862
C0505;Nexus Serviços 505;SMB;Serviços;Centro-Oeste;GO;0.746
C0506;Boreal Indústria 506;SMB;Agronegócio;Sudeste;RJ;0.571
C0507;Viva Comercial 507;SMB;Finanças;Centro-Oeste;MT;1.019
C0508;Croma Serviços 508;SMB;Agronegócio;Sul;SC;0.567
C0509;Pioneira Logística 509;SMB;Varejo;Sudeste;SP;0.703
C0510;Solaris Digital 510;SMB;Indústria;Centro-Oeste;GO;0.815
C0511;Fortis Digital 511;SMB;Agronegócio;Sudeste;SP;0.756
C0512;Solaris Digital 512;SMB;Finanças;Sul;PR;0.94
C0513;Alvorada Soluções 513;SMB;Indústria;Norte/Nordeste;MA;0.722
C0514;Metrópole Participações 514;SMB;Agronegócio;Sul;SC;0.862
C0515;Futura Indústria 515;SMB;Logística;Sudeste;MG;0.782
C0516;Lumina Logística 516;SMB;Saúde;Sudeste;RJ;1.016
C0517;Triunfo Comercial 517;SMB;Serviços;Norte/Nordeste;AM;0.951
C0518;Croma Digital 518;SMB;Indústria;Sul;RS;0.803
C0519;Orion Soluções 519;SMB;Finanças;Sudeste;SP;0.797
C0520;Lumina Logística 520;SMB;Educação;Sudeste;ES;0.999
C0521;Sigma Logística 521;SMB;Agronegócio;Norte/Nordeste;BA;0.847
C0522;Pioneira Serviços 522;SMB;Saúde;Sudeste;SP;0.742
C0523;Prisma Digital 523;SMB;Indústria;Sudeste;MG;0.674
C0524;Metrópole Tecnologia 524;SMB;Indústria;Sudeste;SP;0.949
C0525;Metrópole Logística 525;SMB;Logística;Norte/Nordeste;PE;0.78
C0526;Plena Tecnologia 526;SMB;Educação;Norte/Nordeste;PE;0.798
C0527;Croma Tecnologia 527;SMB;Indústria;Sul;PR;0.638
C0528;Prisma Digital 528;SMB;Educação;Sudeste;MG;0.846
C0529;Viva Soluções 529;SMB;Finanças;Sul;SC;0.723
C0530;Pioneira Comercial 530;SMB;Varejo;Sul;PR;0.857
C0531;Artemis Tecnologia 531;SMB;Indústria;Norte/Nordeste;MA;0.668
C0532;Nexus Serviços 532;SMB;Finanças;Norte/Nordeste;BA;0.86
C0533;Orion Indústria 533;SMB;Indústria;Sul;PR;0.689
C0534;Delta Participações 534;SMB;Indústria;Sul;RS;0.736
C0535;Brasilis Soluções 535;SMB;Indústria;Norte/Nordeste;PB;0.958
C0536;Central Soluções 536;SMB;Saúde;Sudeste;MG;0.572
C0537;Elo Digital 537;SMB;Saúde;Norte/Nordeste;AM;0.719
C0538;Brasilis Tecnologia 538;SMB;Educação;Sul;RS;1.04
C0539;Fortis Tecnologia 539;SMB;Logística;Centro-Oeste;GO;0.678
C0540;Viva Soluções 540;SMB;Finanças;Centro-Oeste;MT;0.816
C0541;NovaEra Indústria 541;SMB;Serviços;Sudeste;SP;0.697
C0542;Vector Serviços 542;SMB;Finanças;Norte/Nordeste;AM;0.946
C0543;Lumina Serviços 543;SMB;Educação;Sul;SC;0.568
C0544;Horizonte Participações 544;SMB;Agronegócio;Sul;RS;0.947
C0545;Orion Indústria 545;SMB;Serviços;Centro-Oeste;MT;0.754
C0546;Central Comercial 546;SMB;Serviços;Centro-Oeste;MT;0.915
C0547;Elo Tecnologia 547;SMB;Finanças;Centro-Oeste;MS;0.579
C0548;Artemis Serviços 548;SMB;Indústria;Sudeste;ES;0.856
C0549;Vértice Comercial 549;SMB;Educação;Sudeste;ES;0.725
C0550;Elo Soluções 550;SMB;Varejo;Sul;RS;0.569
C0551;Croma Indústria 551;SMB;Indústria;Sudeste;RJ;0.601
C0552;Artemis Logística 552;SMB;Varejo;Sudeste;MG;0.655
C0553;Croma Participações 553;SMB;Educação;Sudeste;ES;1.033
C0554;Solaris Logística 554;SMB;Agronegócio;Centro-Oeste;MS;0.857
C0555;Metrópole Serviços 555;SMB;Agronegócio;Sudeste;MG;0.894
C0556;Lumina Soluções 556;SMB;Indústria;Sul;SC;0.854
C0557;Sigma Comercial 557;SMB;Varejo;Sul;RS;0.895
C0558;Delta Comercial 558;SMB;Agronegócio;Sul;RS;0.872
C0559;Aurora Digital 559;SMB;Agronegócio;Centro-Oeste;MT;0.884
C0560;Plena Serviços 560;SMB;Finanças;Sudeste;MG;0.587
C0561;Metrópole Soluções 561;SMB;Varejo;Sudeste;SP;0.814
C0562;Artemis Participações 562;SMB;Agronegócio;Centro-Oeste;DF;0.963
C0563;Boreal Digital 563;SMB;Varejo;Centro-Oeste;MT;0.821
C0564;NovaEra Tecnologia 564;SMB;Logística;Centro-Oeste;MS;0.991
C0565;Atlas Indústria 565;SMB;Finanças;Norte/Nordeste;BA;1.007
C0566;Elo Participações 566;SMB;Educação;Sul;SC;0.712
C0567;Nexus Logística 567;SMB;Serviços;Sul;RS;0.753
C0568;Vector Serviços 568;SMB;Serviços;Sudeste;RJ;1.035
C0569;Vértice Soluções 569;SMB;Agronegócio;Sul;PR;0.619
C0570;Viva Indústria 570;SMB;Educação;Norte/Nordeste;PE;0.688
C0571;Futura Serviços 571;SMB;Varejo;Norte/Nordeste;PA;0.77
C0572;Futura Digital 572;SMB;Indústria;Centro-Oeste;MS;0.758
C0573;Brasilis Comercial 573;SMB;Agronegócio;Norte/Nordeste;CE;0.833
C0574;Central Serviços 574;SMB;Educação;Sudeste;ES;0.859
C0575;Lumina Comercial 575;SMB;Logística;Sul;RS;0.841
C0576;Vector Participações 576;SMB;Indústria;Sudeste;SP;0.617
C0577;Triunfo Digital 577;SMB;Educação;Centro-Oeste;MT;0.972
C0578;Lumina Participações 578;SMB;Educação;Centro-Oeste;GO;0.654
C0579;Vértice Participações 579;SMB;Agronegócio;Sudeste;RJ;0.625
C0580;Orion Participações 580;SMB;Serviços;Sudeste;MG;0.662
C0581;Axiom Indústria 581;SMB;Indústria;Sudeste;MG;0.822
C0582;Metrópole Digital 582;SMB;Saúde;Norte/Nordeste;BA;1.044
C0583;Futura Digital 583;SMB;Saúde;Centro-Oeste;MT;0.767
C0584;Atlas Soluções 584;SMB;Logística;Norte/Nordeste;AM;0.715
C0585;Brasilis Indústria 585;SMB;Varejo;Sudeste;RJ;0.716
C0586;Nexus Logística 586;SMB;Finanças;Centro-Oeste;DF;0.702
C0587;Aurora Digital 587;SMB;Educação;Sul;RS;0.91
C0588;Integra Soluções 588;SMB;Logística;Sudeste;RJ;0.752
C0589;Brasilis Comercial 589;SMB;Logística;Sudeste;MG;0.863
C0590;Artemis Tecnologia 590;SMB;Saúde;Sudeste;ES;0.669
C0591;Axiom Logística 591;SMB;Educação;Sudeste;SP;0.958
C0592;Prisma Soluções 592;SMB;Agronegócio;Centro-Oeste;GO;0.695
C0593;NovaEra Comercial 593;SMB;Serviços;Sudeste;ES;0.955
C0594;Nexus Serviços 594;SMB;Saúde;Sudeste;SP;0.609
C0595;Croma Participações 595;SMB;Educação;Norte/Nordeste;AM;0.757
C0596;Viva Indústria 596;SMB;Finanças;Sudeste;ES;0.775
C0597;Pioneira Serviços 597;SMB;Logística;Sudeste;SP;1.03
C0598;ViaNova Participações 598;SMB;Indústria;Sudeste;ES;0.76
C0599;Vértice Comercial 599;SMB;Indústria;Centro-Oeste;DF;0.597
C0600;Prisma Serviços 600;SMB;Educação;Centro-Oeste;GO;0.731
C0601;Solaris Logística 601;SMB;Logística;Sudeste;SP;0.677
C0602;Delta Participações 602;SMB;Finanças;Sul;RS;0.759
C0603;Futura Participações 603;SMB;Indústria;Sudeste;SP;0.809
C0604;Brasilis Serviços 604;SMB;Indústria;Sudeste;MG;0.759
C0605;Plena Digital 605;SMB;Finanças;Norte/Nordeste;PB;0.675
C0606;Lumina Soluções 606;SMB;Educação;Sudeste;RJ;0.622
C0607;Vértice Comercial 607;SMB;Saúde;Norte/Nordeste;MA;0.693
C0608;Elo Logística 608;SMB;Saúde;Norte/Nordeste;BA;0.979
C0609;Central Tecnologia 609;SMB;Saúde;Sudeste;SP;0.909
C0610;Vértice Logística 610;SMB;Serviços;Norte/Nordeste;BA;0.833
C0611;Atlas Soluções 611;SMB;Educação;Sudeste;MG;0.687
C0612;Viva Tecnologia 612;SMB;Serviços;Norte/Nordeste;PA;1.008
C0613;Alvorada Digital 613;SMB;Indústria;Sul;RS;0.713
C0614;Pioneira Soluções 614;SMB;Finanças;Sul;SC;0.742
C0615;Fortis Logística 615;SMB;Finanças;Sudeste;MG;0.751
C0616;Nexus Tecnologia 616;SMB;Agronegócio;Sul;RS;0.941
C0617;Boreal Digital 617;SMB;Educação;Sudeste;ES;0.657
C0618;Pioneira Soluções 618;SMB;Saúde;Sudeste;ES;1.014
C0619;Brasilis Soluções 619;SMB;Agronegócio;Norte/Nordeste;PA;0.866
C0620;Boreal Comercial 620;SMB;Logística;Sul;PR;0.979
C0621;ViaNova Serviços 621;SMB;Agronegócio;Sul;PR;0.712
C0622;Futura Soluções 622;SMB;Agronegócio;Sudeste;RJ;0.588
C0623;Croma Digital 623;SMB;Varejo;Sul;PR;0.847
C0624;Alvorada Indústria 624;SMB;Agronegócio;Sudeste;MG;0.955
C0625;Lumina Logística 625;SMB;Indústria;Centro-Oeste;MT;0.68
C0626;Atlas Indústria 626;SMB;Agronegócio;Norte/Nordeste;PB;0.746
C0627;ViaNova Logística 627;SMB;Serviços;Sul;SC;0.939
C0628;Integra Serviços 628;SMB;Serviços;Sul;PR;0.697
C0629;Aurora Participações 629;SMB;Agronegócio;Sul;RS;0.775
C0630;Prisma Digital 630;SMB;Serviços;Centro-Oeste;MS;0.907
C0631;Sigma Logística 631;SMB;Serviços;Norte/Nordeste;PA;0.578
C0632;Alvorada Soluções 632;SMB;Finanças;Sudeste;MG;0.631
C0633;Horizonte Participações 633;SMB;Logística;Sudeste;ES;0.691
C0634;Brasilis Digital 634;SMB;Agronegócio;Sul;SC;0.874
C0635;Aurora Digital 635;SMB;Saúde;Sul;PR;0.853
C0636;Vector Logística 636;SMB;Logística;Sudeste;SP;0.74
C0637;Central Indústria 637;SMB;Serviços;Sudeste;MG;0.975
C0638;Artemis Comercial 638;SMB;Indústria;Sudeste;SP;0.939
C0639;Alvorada Digital 639;SMB;Logística;Centro-Oeste;GO;0.874
C0640;Solaris Logística 640;SMB;Saúde;Sudeste;MG;0.561
C0641;Sigma Comercial 641;SMB;Varejo;Sudeste;SP;0.58
C0642;Delta Serviços 642;SMB;Logística;Norte/Nordeste;PE;0.638
C0643;Sigma Tecnologia 643;SMB;Logística;Sudeste;ES;0.927
C0644;Solaris Soluções 644;SMB;Saúde;Norte/Nordeste;MA;0.584
C0645;Metrópole Tecnologia 645;SMB;Finanças;Sudeste;SP;0.715
C0646;Brasilis Soluções 646;SMB;Educação;Centro-Oeste;MT;0.592
C0647;Alvorada Soluções 647;SMB;Saúde;Sul;SC;0.773
C0648;Boreal Digital 648;SMB;Serviços;Sudeste;SP;0.812
C0649;Elo Tecnologia 649;SMB;Serviços;Sul;SC;0.911
C0650;Sigma Digital 650;SMB;Educação;Sudeste;ES;0.669
C0651;NovaEra Tecnologia 651;SMB;Varejo;Sudeste;MG;0.825
C0652;Triunfo Digital 652;SMB;Saúde;Sul;SC;0.912
C0653;Pioneira Digital 653;SMB;Finanças;Sul;SC;0.9
C0654;Axiom Participações 654;SMB;Logística;Norte/Nordeste;PB;0.638
C0655;Delta Comercial 655;SMB;Logística;Sudeste;ES;1.01
C0656;Lumina Digital 656;SMB;Indústria;Sudeste;SP;0.782
C0657;Aurora Indústria 657;SMB;Educação;Centro-Oeste;MS;0.842
C0658;Nexus Logística 658;SMB;Indústria;Sul;SC;0.585
C0659;Atlas Serviços 659;SMB;Logística;Sul;SC;0.911
C0660;Horizonte Tecnologia 660;SMB;Logística;Sul;SC;1.043
C0661;Delta Tecnologia 661;SMB;Agronegócio;Norte/Nordeste;PE;0.963
C0662;Artemis Indústria 662;SMB;Logística;Sudeste;MG;0.849
C0663;Delta Digital 663;SMB;Logística;Norte/Nordeste;MA;0.701
C0664;Solaris Digital 664;SMB;Serviços;Sul;SC;0.682
C0665;Metrópole Tecnologia 665;SMB;Saúde;Sudeste;MG;0.879
C0666;Horizonte Logística 666;SMB;Indústria;Sul;RS;0.897
C0667;Croma Comercial 667;SMB;Serviços;Sul;RS;0.779
C0668;Sigma Tecnologia 668;SMB;Logística;Centro-Oeste;MS;0.999
C0669;Prisma Soluções 669;SMB;Varejo;Sul;RS;0.768
C0670;Croma Digital 670;SMB;Serviços;Sul;SC;0.753
C0671;Aurora Tecnologia 671;SMB;Saúde;Sul;RS;1.009
C0672;Boreal Serviços 672;SMB;Varejo;Norte/Nordeste;PB;0.904
C0673;Lumina Tecnologia 673;SMB;Logística;Centro-Oeste;MT;0.759
C0674;Plena Soluções 674;SMB;Varejo;Sul;PR;0.969
C0675;Viva Soluções 675;SMB;Serviços;Sudeste;ES;0.941
C0676;Sigma Comercial 676;SMB;Educação;Norte/Nordeste;MA;0.609
C0677;Vector Participações 677;SMB;Serviços;Norte/Nordeste;BA;0.645
C0678;Solaris Comercial 678;SMB;Saúde;Centro-Oeste;MS;0.767
C0679;Viva Digital 679;SMB;Varejo;Sul;RS;0.849
C0680;Central Serviços 680;SMB;Indústria;Sudeste;MG;1.001
C0681;Viva Comercial 681;SMB;Saúde;Norte/Nordeste;RN;0.722
C0682;Vértice Serviços 682;SMB;Educação;Sudeste;ES;0.708
C0683;Solaris Soluções 683;SMB;Educação;Sudeste;ES;1.031
C0684;Horizonte Comercial 684;SMB;Varejo;Sul;PR;1.043
C0685;Alvorada Digital 685;SMB;Saúde;Sul;SC;0.921
C0686;Croma Comercial 686;SMB;Educação;Sudeste;ES;0.955
C0687;Croma Logística 687;SMB;Finanças;Norte/Nordeste;PB;0.652
C0688;Aurora Digital 688;SMB;Educação;Sul;PR;0.923
C0689;Brasilis Logística 689;SMB;Serviços;Sul;RS;0.983
C0690;Axiom Comercial 690;SMB;Saúde;Sudeste;RJ;0.822
C0691;Horizonte Indústria 691;SMB;Indústria;Sul;SC;0.649
C0692;Viva Serviços 692;SMB;Educação;Sudeste;SP;0.582
C0693;Elo Logística 693;SMB;Agronegócio;Norte/Nordeste;AM;0.591
C0694;Viva Digital 694;SMB;Agronegócio;Sudeste;ES;0.711
C0695;Delta Serviços 695;SMB;Serviços;Sudeste;MG;0.792
C0696;Triunfo Logística 696;SMB;Indústria;Sudeste;RJ;0.866
C0697;Artemis Soluções 697;SMB;Serviços;Sul;PR;0.605
C0698;Vector Serviços 698;SMB;Finanças;Sul;SC;0.732
C0699;Horizonte Indústria 699;SMB;Serviços;Sudeste;ES;0.948
C0700;Integra Tecnologia 700;SMB;Varejo;Sul;SC;0.765
