MonthDateKey;MonthDate;SellerID;RevenueTarget
20250101;2025-01-01;S001;27404.32
20250101;2025-01-01;S002;37300.54
20250101;2025-01-01;S003;41376.46
20250101;2025-01-01;S004;28828.58
20250101;2025-01-01;S005;41942.87
20250101;2025-01-01;S006;39172.61
20250101;2025-01-01;S007;9765.66
20250101;2025-01-01;S008;44448.1
20250101;2025-01-01;S009;129059.98
20250101;2025-01-01;S010;133636.54
20250101;2025-01-01;S011;35967.96
20250101;2025-01-01;S012;27307.42
20250101;2025-01-01;S013;216409.65
20250101;2025-01-01;S014;111794.9
20250101;2025-01-01;S015;21851.79
20250101;2025-01-01;S016;38920.86
20250101;2025-01-01;S017;102588.47
20250101;2025-01-01;S018;36321.48
20250101;2025-01-01;S019;29993.74
20250101;2025-01-01;S020;44225.12
20250101;2025-01-01;S021;49196.66
20250101;2025-01-01;S022;165393.7
20250101;2025-01-01;S023;48249.8
20250101;2025-01-01;S024;28489.7
20250101;2025-01-01;S025;34272.82
20250101;2025-01-01;S026;12659.65
20250101;2025-01-01;S027;28241.38
20250101;2025-01-01;S028;39536.87
20250101;2025-01-01;S029;160707.86
20250101;2025-01-01;S030;22761.48
20250101;2025-01-01;S031;39686.55
20250101;2025-01-01;S032;15120.86
20250101;2025-01-01;S033;164332.38
20250101;2025-01-01;S034;124304.67
20250101;2025-01-01;S035;329505.03
20250101;2025-01-01;S036;34554.18
20250101;2025-01-01;S037;46170.03
20250101;2025-01-01;S038;26632.11
20250101;2025-01-01;S039;38350.79
20250101;2025-01-01;S040;35248.12
20250201;2025-02-01;S001;450090.29
20250201;2025-02-01;S002;445362.34
20250201;2025-02-01;S003;266985.17
20250201;2025-02-01;S004;32579.8
20250201;2025-02-01;S005;170279.54
20250201;2025-02-01;S006;35655.33
20250201;2025-02-01;S007;355569.24
20250201;2025-02-01;S008;392822.17
20250201;2025-02-01;S009;761407.89
20250201;2025-02-01;S010;370394.29
20250201;2025-02-01;S011;176684.97
20250201;2025-02-01;S012;132391.82
20250201;2025-02-01;S013;426191.93
20250201;2025-02-01;S014;202748.56
20250201;2025-02-01;S015;79181.34
20250201;2025-02-01;S016;44110.49
20250201;2025-02-01;S017;238890.77
20250201;2025-02-01;S018;46728.49
20250201;2025-02-01;S019;220883.07
20250201;2025-02-01;S020;70309.68
20250201;2025-02-01;S021;25804.55
20250201;2025-02-01;S022;850030.08
20250201;2025-02-01;S023;372987.56
20250201;2025-02-01;S024;49197.4
20250201;2025-02-01;S025;338082.28
20250201;2025-02-01;S026;47456.22
20250201;2025-02-01;S027;309572.67
20250201;2025-02-01;S028;97370.01
20250201;2025-02-01;S029;320866.17
20250201;2025-02-01;S030;121526.95
20250201;2025-02-01;S031;32022.57
20250201;2025-02-01;S032;52578.61
20250201;2025-02-01;S033;111589.01
20250201;2025-02-01;S034;150131.86
20250201;2025-02-01;S035;28738.2
20250201;2025-02-01;S036;87915.67
20250201;2025-02-01;S037;29575.19
20250201;2025-02-01;S038;395255.25
20250201;2025-02-01;S039;16557.45
20250201;2025-02-01;S040;338743.85
20250301;2025-03-01;S001;26028.06
20250301;2025-03-01;S002;619114.54
20250301;2025-03-01;S003;154418.84
20250301;2025-03-01;S004;147762.86
20250301;2025-03-01;S005;127062.94
20250301;2025-03-01;S006;35764.41
20250301;2025-03-01;S007;44434.34
20250301;2025-03-01;S008;193158.88
20250301;2025-03-01;S009;598356.52
20250301;2025-03-01;S010;280150.97
20250301;2025-03-01;S011;141483.87
20250301;2025-03-01;S012;192038.35
20250301;2025-03-01;S013;358098.62
20250301;2025-03-01;S014;972600.08
20250301;2025-03-01;S015;420514.62
20250301;2025-03-01;S016;307539.43
20250301;2025-03-01;S017;178856.2
20250301;2025-03-01;S018;25875.16
20250301;2025-03-01;S019;53789.41
20250301;2025-03-01;S020;191030.62
20250301;2025-03-01;S021;72097.76
20250301;2025-03-01;S022;556521.46
20250301;2025-03-01;S023;640437.76
20250301;2025-03-01;S024;540487.74
20250301;2025-03-01;S025;526833.64
20250301;2025-03-01;S026;28405.21
20250301;2025-03-01;S027;49133.99
20250301;2025-03-01;S028;223676.58
20250301;2025-03-01;S029;440181.4
20250301;2025-03-01;S030;298645.82
20250301;2025-03-01;S031;36265.2
20250301;2025-03-01;S032;99585.68
20250301;2025-03-01;S033;111496.39
20250301;2025-03-01;S034;296227.57
20250301;2025-03-01;S035;25001.68
20250301;2025-03-01;S036;38552.77
20250301;2025-03-01;S037;27002.46
20250301;2025-03-01;S038;552321.64
20250301;2025-03-01;S039;29680.46
20250301;2025-03-01;S040;184816.38
20250401;2025-04-01;S001;404428.92
20250401;2025-04-01;S002;213088.44
20250401;2025-04-01;S003;183018.24
20250401;2025-04-01;S004;30051.78
20250401;2025-04-01;S005;248023.8
20250401;2025-04-01;S006;177284.14
20250401;2025-04-01;S007;483897.22
20250401;2025-04-01;S008;121291.85
20250401;2025-04-01;S009;591874.25
20250401;2025-04-01;S010;870172.41
20250401;2025-04-01;S011;246750.53
20250401;2025-04-01;S012;66671.77
20250401;2025-04-01;S013;145018.89
20250401;2025-04-01;S014;261640.61
20250401;2025-04-01;S015;605018.12
20250401;2025-04-01;S016;40093.17
20250401;2025-04-01;S017;212617.64
20250401;2025-04-01;S018;52533.52
20250401;2025-04-01;S019;75776.35
20250401;2025-04-01;S020;35754.79
20250401;2025-04-01;S021;200558.31
20250401;2025-04-01;S022;940547.18
20250401;2025-04-01;S023;591596.31
20250401;2025-04-01;S024;53511.67
20250401;2025-04-01;S025;139079.29
20250401;2025-04-01;S026;26078.07
20250401;2025-04-01;S027;122200.82
20250401;2025-04-01;S028;570565.75
20250401;2025-04-01;S029;444158.26
20250401;2025-04-01;S030;233261.58
20250401;2025-04-01;S031;87147.25
20250401;2025-04-01;S032;209535.26
20250401;2025-04-01;S033;154306.56
20250401;2025-04-01;S034;29091.53
20250401;2025-04-01;S035;1156659.89
20250401;2025-04-01;S036;121614.48
20250401;2025-04-01;S037;47446.3
20250401;2025-04-01;S038;186113.11
20250401;2025-04-01;S039;623983.7
20250401;2025-04-01;S040;49651.82
20250501;2025-05-01;S001;279908.64
20250501;2025-05-01;S002;98935.69
20250501;2025-05-01;S003;557461.03
20250501;2025-05-01;S004;260168.64
20250501;2025-05-01;S005;31210.18
20250501;2025-05-01;S006;49376.32
20250501;2025-05-01;S007;1037048.13
20250501;2025-05-01;S008;352629.63
20250501;2025-05-01;S009;510900.11
20250501;2025-05-01;S010;49102.35
20250501;2025-05-01;S011;48708.77
20250501;2025-05-01;S012;160231.24
20250501;2025-05-01;S013;251808.27
20250501;2025-05-01;S014;918365.09
20250501;2025-05-01;S015;921375.97
20250501;2025-05-01;S016;146467.87
20250501;2025-05-01;S017;498029.61
20250501;2025-05-01;S018;69298.11
20250501;2025-05-01;S019;42242.95
20250501;2025-05-01;S020;89222.51
20250501;2025-05-01;S021;201099.26
20250501;2025-05-01;S022;73030.05
20250501;2025-05-01;S023;323000.08
20250501;2025-05-01;S024;109097.13
20250501;2025-05-01;S025;48801.39
20250501;2025-05-01;S026;53771.11
20250501;2025-05-01;S027;370813.9
20250501;2025-05-01;S028;853747.48
20250501;2025-05-01;S029;497005.35
20250501;2025-05-01;S030;95256.48
20250501;2025-05-01;S031;42389.31
20250501;2025-05-01;S032;342389.89
20250501;2025-05-01;S033;831105.66
20250501;2025-05-01;S034;781801.83
20250501;2025-05-01;S035;56381.52
20250501;2025-05-01;S036;55369.31
20250501;2025-05-01;S037;371756.18
20250501;2025-05-01;S038;56632.05
20250501;2025-05-01;S039;166953.74
20250501;2025-05-01;S040;190374.58
20250601;2025-06-01;S001;70020.79
20250601;2025-06-01;S002;152023.75
20250601;2025-06-01;S003;445458.62
20250601;2025-06-01;S004;44895.22
20250601;2025-06-01;S005;217851.37
20250601;2025-06-01;S006;29638.84
20250601;2025-06-01;S007;809021.7
20250601;2025-06-01;S008;463975.53
20250601;2025-06-01;S009;206040.92
20250601;2025-06-01;S010;228266.4
20250601;2025-06-01;S011;86837.68
20250601;2025-06-01;S012;245897.19
20250601;2025-06-01;S013;1480015.42
20250601;2025-06-01;S014;547248.7
20250601;2025-06-01;S015;403512.69
20250601;2025-06-01;S016;110340.76
20250601;2025-06-01;S017;473953.22
20250601;2025-06-01;S018;47868.85
20250601;2025-06-01;S019;134886.54
20250601;2025-06-01;S020;38354.1
20250601;2025-06-01;S021;48711.58
20250601;2025-06-01;S022;1161734.69
20250601;2025-06-01;S023;721524.64
20250601;2025-06-01;S024;24426.58
20250601;2025-06-01;S025;243932.76
20250601;2025-06-01;S026;90990.44
20250601;2025-06-01;S027;278565.1
20250601;2025-06-01;S028;76516.54
20250601;2025-06-01;S029;176473.19
20250601;2025-06-01;S030;673845.45
20250601;2025-06-01;S031;45520.52
20250601;2025-06-01;S032;554797.89
20250601;2025-06-01;S033;208964.8
20250601;2025-06-01;S034;196956.62
20250601;2025-06-01;S035;55736.53
20250601;2025-06-01;S036;173311.81
20250601;2025-06-01;S037;45513.65
20250601;2025-06-01;S038;280355.42
20250601;2025-06-01;S039;734453.58
20250601;2025-06-01;S040;457728.27
20250701;2025-07-01;S001;359401.54
20250701;2025-07-01;S002;362749.15
20250701;2025-07-01;S003;283972.28
20250701;2025-07-01;S004;606074.27
20250701;2025-07-01;S005;29816.7
20250701;2025-07-01;S006;41442.0
20250701;2025-07-01;S007;620085.61
20250701;2025-07-01;S008;498211.43
20250701;2025-07-01;S009;204340.27
20250701;2025-07-01;S010;232880.51
20250701;2025-07-01;S011;332375.07
20250701;2025-07-01;S012;295717.43
20250701;2025-07-01;S013;351337.95
20250701;2025-07-01;S014;478182.45
20250701;2025-07-01;S015;112548.12
20250701;2025-07-01;S016;158746.66
20250701;2025-07-01;S017;407934.73
20250701;2025-07-01;S018;95206.88
20250701;2025-07-01;S019;295133.62
20250701;2025-07-01;S020;51926.42
20250701;2025-07-01;S021;172175.06
20250701;2025-07-01;S022;872061.8
20250701;2025-07-01;S023;914930.49
20250701;2025-07-01;S024;638327.86
20250701;2025-07-01;S025;656483.35
20250701;2025-07-01;S026;381312.69
20250701;2025-07-01;S027;77752.74
20250701;2025-07-01;S028;278725.53
20250701;2025-07-01;S029;175295.15
20250701;2025-07-01;S030;401057.48
20250701;2025-07-01;S031;588698.94
20250701;2025-07-01;S032;356886.56
20250701;2025-07-01;S033;252318.8
20250701;2025-07-01;S034;325269.1
20250701;2025-07-01;S035;204856.58
20250701;2025-07-01;S036;604140.29
20250701;2025-07-01;S037;48523.55
20250701;2025-07-01;S038;496977.56
20250701;2025-07-01;S039;68769.79
20250701;2025-07-01;S040;118891.58
20250801;2025-08-01;S001;114720.85
20250801;2025-08-01;S002;70211.97
20250801;2025-08-01;S003;995431.36
20250801;2025-08-01;S004;169850.91
20250801;2025-08-01;S005;52549.98
20250801;2025-08-01;S006;46718.78
20250801;2025-08-01;S007;337642.19
20250801;2025-08-01;S008;520003.36
20250801;2025-08-01;S009;185773.57
20250801;2025-08-01;S010;593563.87
20250801;2025-08-01;S011;455626.78
20250801;2025-08-01;S012;335171.25
20250801;2025-08-01;S013;35002.5
20250801;2025-08-01;S014;643340.8
20250801;2025-08-01;S015;56943.89
20250801;2025-08-01;S016;273071.63
20250801;2025-08-01;S017;316300.67
20250801;2025-08-01;S018;28458.56
20250801;2025-08-01;S019;282784.33
20250801;2025-08-01;S020;42572.96
20250801;2025-08-01;S021;211718.84
20250801;2025-08-01;S022;1218206.64
20250801;2025-08-01;S023;57211.05
20250801;2025-08-01;S024;147129.33
20250801;2025-08-01;S025;289777.68
20250801;2025-08-01;S026;203490.18
20250801;2025-08-01;S027;173748.53
20250801;2025-08-01;S028;228112.93
20250801;2025-08-01;S029;544702.97
20250801;2025-08-01;S030;155107.18
20250801;2025-08-01;S031;40889.84
20250801;2025-08-01;S032;282028.54
20250801;2025-08-01;S033;387064.67
20250801;2025-08-01;S034;41454.08
20250801;2025-08-01;S035;86479.77
20250801;2025-08-01;S036;917878.86
20250801;2025-08-01;S037;47430.13
20250801;2025-08-01;S038;669849.92
20250801;2025-08-01;S039;260507.76
20250801;2025-08-01;S040;398988.02
20250901;2025-09-01;S001;364897.14
20250901;2025-09-01;S002;60810.96
20250901;2025-09-01;S003;830956.44
20250901;2025-09-01;S004;668895.14
20250901;2025-09-01;S005;363459.87
20250901;2025-09-01;S006;40358.84
20250901;2025-09-01;S007;649182.27
20250901;2025-09-01;S008;472003.48
20250901;2025-09-01;S009;233431.7
20250901;2025-09-01;S010;553076.8
20250901;2025-09-01;S011;67314.9
20250901;2025-09-01;S012;94155.01
20250901;2025-09-01;S013;225823.63
20250901;2025-09-01;S014;538496.82
20250901;2025-09-01;S015;141742.95
20250901;2025-09-01;S016;26452.49
20250901;2025-09-01;S017;241948.38
20250901;2025-09-01;S018;44327.23
20250901;2025-09-01;S019;293141.65
20250901;2025-09-01;S020;381039.9
20250901;2025-09-01;S021;41414.39
20250901;2025-09-01;S022;414162.53
20250901;2025-09-01;S023;262212.65
20250901;2025-09-01;S024;83661.81
20250901;2025-09-01;S025;489097.91
20250901;2025-09-01;S026;49172.65
20250901;2025-09-01;S027;148299.38
20250901;2025-09-01;S028;330020.25
20250901;2025-09-01;S029;154013.37
20250901;2025-09-01;S030;544591.19
20250901;2025-09-01;S031;36379.4
20250901;2025-09-01;S032;386893.9
20250901;2025-09-01;S033;174960.15
20250901;2025-09-01;S034;43053.74
20250901;2025-09-01;S035;58589.89
20250901;2025-09-01;S036;218760.95
20250901;2025-09-01;S037;31149.6
20250901;2025-09-01;S038;228837.46
20250901;2025-09-01;S039;234595.73
20250901;2025-09-01;S040;599569.83
20251001;2025-10-01;S001;82485.11
20251001;2025-10-01;S002;248546.57
20251001;2025-10-01;S003;565065.59
20251001;2025-10-01;S004;303538.94
20251001;2025-10-01;S005;109155.11
20251001;2025-10-01;S006;45352.54
20251001;2025-10-01;S007;609586.01
20251001;2025-10-01;S008;170131.06
20251001;2025-10-01;S009;143392.28
20251001;2025-10-01;S010;117255.76
20251001;2025-10-01;S011;517268.2
20251001;2025-10-01;S012;247391.01
20251001;2025-10-01;S013;747167.52
20251001;2025-10-01;S014;651928.04
20251001;2025-10-01;S015;754856.55
20251001;2025-10-01;S016;248263.0
20251001;2025-10-01;S017;333388.83
20251001;2025-10-01;S018;32076.59
20251001;2025-10-01;S019;44019.84
20251001;2025-10-01;S020;357214.36
20251001;2025-10-01;S021;78717.17
20251001;2025-10-01;S022;806664.21
20251001;2025-10-01;S023;154345.88
20251001;2025-10-01;S024;43109.03
20251001;2025-10-01;S025;442573.75
20251001;2025-10-01;S026;133149.02
20251001;2025-10-01;S027;41398.44
20251001;2025-10-01;S028;185878.26
20251001;2025-10-01;S029;353778.82
20251001;2025-10-01;S030;471374.61
20251001;2025-10-01;S031;33691.54
20251001;2025-10-01;S032;19801.73
20251001;2025-10-01;S033;171870.12
20251001;2025-10-01;S034;68223.02
20251001;2025-10-01;S035;365903.02
20251001;2025-10-01;S036;401235.82
20251001;2025-10-01;S037;39759.95
20251001;2025-10-01;S038;276276.1
20251001;2025-10-01;S039;192354.32
20251001;2025-10-01;S040;462376.7
20251101;2025-11-01;S001;89321.54
20251101;2025-11-01;S002;71443.82
20251101;2025-11-01;S003;252523.62
20251101;2025-11-01;S004;49071.63
20251101;2025-11-01;S005;384057.57
20251101;2025-11-01;S006;31433.21
20251101;2025-11-01;S007;507501.2
20251101;2025-11-01;S008;227981.57
20251101;2025-11-01;S009;404327.16
20251101;2025-11-01;S010;1037731.02
20251101;2025-11-01;S011;350536.12
20251101;2025-11-01;S012;375582.53
20251101;2025-11-01;S013;479221.75
20251101;2025-11-01;S014;251759.5
20251101;2025-11-01;S015;345333.01
20251101;2025-11-01;S016;449255.44
20251101;2025-11-01;S017;9233.53
20251101;2025-11-01;S018;174608.95
20251101;2025-11-01;S019;157164.25
20251101;2025-11-01;S020;122751.69
20251101;2025-11-01;S021;476980.55
20251101;2025-11-01;S022;355685.87
20251101;2025-11-01;S023;371996.9
20251101;2025-11-01;S024;338219.82
20251101;2025-11-01;S025;75512.71
20251101;2025-11-01;S026;75729.85
20251101;2025-11-01;S027;350299.17
20251101;2025-11-01;S028;204124.5
20251101;2025-11-01;S029;401928.33
20251101;2025-11-01;S030;137896.24
20251101;2025-11-01;S031;256825.85
20251101;2025-11-01;S032;132852.84
20251101;2025-11-01;S033;417184.19
20251101;2025-11-01;S034;183316.45
20251101;2025-11-01;S035;210369.03
20251101;2025-11-01;S036;190446.01
20251101;2025-11-01;S037;31567.3
20251101;2025-11-01;S038;76403.79
20251101;2025-11-01;S039;152190.89
20251101;2025-11-01;S040;301077.14
20251201;2025-12-01;S001;132282.12
20251201;2025-12-01;S002;45848.8
20251201;2025-12-01;S003;395818.1
20251201;2025-12-01;S004;347645.13
20251201;2025-12-01;S005;374799.01
20251201;2025-12-01;S006;43133.66
20251201;2025-12-01;S007;654635.34
20251201;2025-12-01;S008;75237.68
20251201;2025-12-01;S009;449088.73
20251201;2025-12-01;S010;644663.78
20251201;2025-12-01;S011;99516.78
20251201;2025-12-01;S012;530033.1
20251201;2025-12-01;S013;602098.31
20251201;2025-12-01;S014;925479.73
20251201;2025-12-01;S015;602265.88
20251201;2025-12-01;S016;61794.74
20251201;2025-12-01;S017;127560.91
20251201;2025-12-01;S018;40305.43
20251201;2025-12-01;S019;55295.89
20251201;2025-12-01;S020;264707.86
20251201;2025-12-01;S021;40727.62
20251201;2025-12-01;S022;545046.83
20251201;2025-12-01;S023;415363.17
20251201;2025-12-01;S024;360766.46
20251201;2025-12-01;S025;350426.45
20251201;2025-12-01;S026;37612.5
20251201;2025-12-01;S027;365950.72
20251201;2025-12-01;S028;205678.8
20251201;2025-12-01;S029;276441.08
20251201;2025-12-01;S030;461857.5
20251201;2025-12-01;S031;31067.28
20251201;2025-12-01;S032;298415.1
20251201;2025-12-01;S033;400505.83
20251201;2025-12-01;S034;79167.06
20251201;2025-12-01;S035;19559.1
20251201;2025-12-01;S036;783149.51
20251201;2025-12-01;S037;48833.97
20251201;2025-12-01;S038;352012.94
20251201;2025-12-01;S039;321046.96
20251201;2025-12-01;S040;749735.52
20260101;2026-01-01;S001;263225.81
20260101;2026-01-01;S002;238710.1
20260101;2026-01-01;S003;562705.87
20260101;2026-01-01;S004;332758.29
20260101;2026-01-01;S005;201895.75
20260101;2026-01-01;S006;71248.65
20260101;2026-01-01;S007;12840.12
20260101;2026-01-01;S008;349506.85
20260101;2026-01-01;S009;126812.39
20260101;2026-01-01;S010;149861.01
20260101;2026-01-01;S011;246651.73
20260101;2026-01-01;S012;260531.28
20260101;2026-01-01;S013;242568.37
20260101;2026-01-01;S014;148317.26
20260101;2026-01-01;S015;24511.13
20260101;2026-01-01;S016;215901.66
20260101;2026-01-01;S017;109171.78
20260101;2026-01-01;S018;58754.17
20260101;2026-01-01;S019;188499.85
20260101;2026-01-01;S020;171302.7
20260101;2026-01-01;S021;183655.25
20260101;2026-01-01;S022;224742.14
20260101;2026-01-01;S023;468148.16
20260101;2026-01-01;S024;29465.77
20260101;2026-01-01;S025;390273.32
20260101;2026-01-01;S026;14878.94
20260101;2026-01-01;S027;265994.27
20260101;2026-01-01;S028;302988.18
20260101;2026-01-01;S029;187624.0
20260101;2026-01-01;S030;26805.19
20260101;2026-01-01;S031;199161.61
20260101;2026-01-01;S032;16418.15
20260101;2026-01-01;S033;187935.35
20260101;2026-01-01;S034;140311.89
20260101;2026-01-01;S035;365912.04
20260101;2026-01-01;S036;43171.01
20260101;2026-01-01;S037;182260.34
20260101;2026-01-01;S038;32455.7
20260101;2026-01-01;S039;298527.69
20260101;2026-01-01;S040;421728.62
20260201;2026-02-01;S001;541676.12
20260201;2026-02-01;S002;460285.05
20260201;2026-02-01;S003;331894.0
20260201;2026-02-01;S004;332758.29
20260201;2026-02-01;S005;187948.55
20260201;2026-02-01;S006;71248.65
20260201;2026-02-01;S007;459307.42
20260201;2026-02-01;S008;401544.83
20260201;2026-02-01;S009;888646.47
20260201;2026-02-01;S010;437442.91
20260201;2026-02-01;S011;175750.44
20260201;2026-02-01;S012;157387.2
20260201;2026-02-01;S013;415413.69
20260201;2026-02-01;S014;275958.48
20260201;2026-02-01;S015;84790.92
20260201;2026-02-01;S016;215901.66
20260201;2026-02-01;S017;276608.1
20260201;2026-02-01;S018;58754.17
20260201;2026-02-01;S019;221686.57
20260201;2026-02-01;S020;81607.03
20260201;2026-02-01;S021;25885.23
20260201;2026-02-01;S022;1072411.57
20260201;2026-02-01;S023;444585.16
20260201;2026-02-01;S024;231226.33
20260201;2026-02-01;S025;388115.04
20260201;2026-02-01;S026;56146.54
20260201;2026-02-01;S027;312592.34
20260201;2026-02-01;S028;95091.96
20260201;2026-02-01;S029;329346.49
20260201;2026-02-01;S030;138509.18
20260201;2026-02-01;S031;199161.61
20260201;2026-02-01;S032;52748.8
20260201;2026-02-01;S033;126282.57
20260201;2026-02-01;S034;157861.64
20260201;2026-02-01;S035;275777.69
20260201;2026-02-01;S036;93086.92
20260201;2026-02-01;S037;182260.34
20260201;2026-02-01;S038;442887.0
20260201;2026-02-01;S039;20577.01
20260201;2026-02-01;S040;439299.17
20260301;2026-03-01;S001;263225.81
20260301;2026-03-01;S002;685455.01
20260301;2026-03-01;S003;203992.48
20260301;2026-03-01;S004;169300.43
20260301;2026-03-01;S005;128188.58
20260301;2026-03-01;S006;71248.65
20260301;2026-03-01;S007;57125.16
20260301;2026-03-01;S008;219951.94
20260301;2026-03-01;S009;715398.83
20260301;2026-03-01;S010;320396.95
20260301;2026-03-01;S011;150987.7
20260301;2026-03-01;S012;222610.28
20260301;2026-03-01;S013;356847.31
20260301;2026-03-01;S014;1292141.39
20260301;2026-03-01;S015;426406.09
20260301;2026-03-01;S016;350148.82
20260301;2026-03-01;S017;183122.79
20260301;2026-03-01;S018;21663.12
20260301;2026-03-01;S019;65000.39
20260301;2026-03-01;S020;187058.98
20260301;2026-03-01;S021;72012.39
20260301;2026-03-01;S022;697361.13
20260301;2026-03-01;S023;645177.96
20260301;2026-03-01;S024;581221.85
20260301;2026-03-01;S025;574168.66
20260301;2026-03-01;S026;28043.25
20260301;2026-03-01;S027;265994.27
20260301;2026-03-01;S028;236442.99
20260301;2026-03-01;S029;464551.3
20260301;2026-03-01;S030;305271.44
20260301;2026-03-01;S031;199161.61
20260301;2026-03-01;S032;103440.03
20260301;2026-03-01;S033;114951.53
20260301;2026-03-01;S034;324198.26
20260301;2026-03-01;S035;30901.02
20260301;2026-03-01;S036;45642.0
20260301;2026-03-01;S037;182260.34
20260301;2026-03-01;S038;696007.04
20260301;2026-03-01;S039;37129.75
20260301;2026-03-01;S040;207512.63
20260401;2026-04-01;S001;462112.96
20260401;2026-04-01;S002;235462.37
20260401;2026-04-01;S003;234512.48
20260401;2026-04-01;S004;33972.91
20260401;2026-04-01;S005;267737.61
20260401;2026-04-01;S006;136315.4
20260401;2026-04-01;S007;592836.44
20260401;2026-04-01;S008;145738.48
20260401;2026-04-01;S009;704436.6
20260401;2026-04-01;S010;909579.63
20260401;2026-04-01;S011;254246.74
20260401;2026-04-01;S012;75239.63
20260401;2026-04-01;S013;140772.32
20260401;2026-04-01;S014;335343.27
20260401;2026-04-01;S015;658998.08
20260401;2026-04-01;S016;215901.66
20260401;2026-04-01;S017;245514.92
20260401;2026-04-01;S018;39757.08
20260401;2026-04-01;S019;74996.53
20260401;2026-04-01;S020;35654.64
20260401;2026-04-01;S021;238620.66
20260401;2026-04-01;S022;1128042.69
20260401;2026-04-01;S023;612067.4
20260401;2026-04-01;S024;64087.63
20260401;2026-04-01;S025;145865.05
20260401;2026-04-01;S026;27560.57
20260401;2026-04-01;S027;138200.32
20260401;2026-04-01;S028;555549.16
20260401;2026-04-01;S029;522451.51
20260401;2026-04-01;S030;227727.62
20260401;2026-04-01;S031;67647.63
20260401;2026-04-01;S032;237417.2
20260401;2026-04-01;S033;184931.17
20260401;2026-04-01;S034;28613.69
20260401;2026-04-01;S035;1393340.62
20260401;2026-04-01;S036;144996.14
20260401;2026-04-01;S037;182260.34
20260401;2026-04-01;S038;204247.37
20260401;2026-04-01;S039;747814.79
20260401;2026-04-01;S040;57097.84
20260501;2026-05-01;S001;278256.31
20260501;2026-05-01;S002;115140.89
20260501;2026-05-01;S003;675548.41
20260501;2026-05-01;S004;312016.79
20260501;2026-05-01;S005;30657.55
20260501;2026-05-01;S006;39896.02
20260501;2026-05-01;S007;1259772.5
20260501;2026-05-01;S008;364277.26
20260501;2026-05-01;S009;496511.92
20260501;2026-05-01;S010;59309.62
20260501;2026-05-01;S011;55343.17
20260501;2026-05-01;S012;165036.52
20260501;2026-05-01;S013;292867.71
20260501;2026-05-01;S014;1155661.36
20260501;2026-05-01;S015;946503.34
20260501;2026-05-01;S016;153955.71
20260501;2026-05-01;S017;503627.72
20260501;2026-05-01;S018;58249.72
20260501;2026-05-01;S019;188499.85
20260501;2026-05-01;S020;99119.21
20260501;2026-05-01;S021;196355.78
20260501;2026-05-01;S022;98962.31
20260501;2026-05-01;S023;358719.3
20260501;2026-05-01;S024;112796.85
20260501;2026-05-01;S025;390273.32
20260501;2026-05-01;S026;55135.87
20260501;2026-05-01;S027;392399.01
20260501;2026-05-01;S028;862408.98
20260501;2026-05-01;S029;537683.16
20260501;2026-05-01;S030;111129.54
20260501;2026-05-01;S031;199161.61
20260501;2026-05-01;S032;388709.01
20260501;2026-05-01;S033;945265.37
20260501;2026-05-01;S034;866591.98
20260501;2026-05-01;S035;64915.19
20260501;2026-05-01;S036;65204.25
20260501;2026-05-01;S037;323967.54
20260501;2026-05-01;S038;63624.42
20260501;2026-05-01;S039;204362.19
20260501;2026-05-01;S040;203851.13
20260601;2026-06-01;S001;82929.38
20260601;2026-06-01;S002;168255.92
20260601;2026-06-01;S003;589797.06
20260601;2026-06-01;S004;332758.29
20260601;2026-06-01;S005;226803.71
20260601;2026-06-01;S006;71248.65
20260601;2026-06-01;S007;1022123.92
20260601;2026-06-01;S008;506996.38
20260601;2026-06-01;S009;228406.22
20260601;2026-06-01;S010;244237.57
20260601;2026-06-01;S011;95795.29
20260601;2026-06-01;S012;261183.61
20260601;2026-06-01;S013;1539961.37
20260601;2026-06-01;S014;693209.23
20260601;2026-06-01;S015;410939.42
20260601;2026-06-01;S016;121538.69
20260601;2026-06-01;S017;569373.16
20260601;2026-06-01;S018;58754.17
20260601;2026-06-01;S019;159329.83
20260601;2026-06-01;S020;171302.7
20260601;2026-06-01;S021;183655.25
20260601;2026-06-01;S022;1474804.29
20260601;2026-06-01;S023;732840.92
20260601;2026-06-01;S024;27174.69
20260601;2026-06-01;S025;271131.69
20260601;2026-06-01;S026;103094.26
20260601;2026-06-01;S027;281137.91
20260601;2026-06-01;S028;88359.23
20260601;2026-06-01;S029;210203.75
20260601;2026-06-01;S030;668042.97
20260601;2026-06-01;S031;199161.61
20260601;2026-06-01;S032;573698.04
20260601;2026-06-01;S033;234974.97
20260601;2026-06-01;S034;193062.98
20260601;2026-06-01;S035;68138.82
20260601;2026-06-01;S036;221813.21
20260601;2026-06-01;S037;182260.34
20260601;2026-06-01;S038;330304.0
20260601;2026-06-01;S039;827910.15
20260601;2026-06-01;S040;548494.29
20260701;2026-07-01;S001;364467.68
20260701;2026-07-01;S002;405832.34
20260701;2026-07-01;S003;339160.08
20260701;2026-07-01;S004;603381.18
20260701;2026-07-01;S005;31877.22
20260701;2026-07-01;S006;71248.65
20260701;2026-07-01;S007;812616.37
20260701;2026-07-01;S008;602781.76
20260701;2026-07-01;S009;214424.4
20260701;2026-07-01;S010;265173.5
20260701;2026-07-01;S011;340543.41
20260701;2026-07-01;S012;302086.65
20260701;2026-07-01;S013;370357.57
20260701;2026-07-01;S014;646074.61
20260701;2026-07-01;S015;110477.53
20260701;2026-07-01;S016;161879.19
20260701;2026-07-01;S017;462007.14
20260701;2026-07-01;S018;87455.98
20260701;2026-07-01;S019;353197.79
20260701;2026-07-01;S020;61453.96
20260701;2026-07-01;S021;204991.16
20260701;2026-07-01;S022;1093418.49
20260701;2026-07-01;S023;983666.73
20260701;2026-07-01;S024;640281.45
20260701;2026-07-01;S025;727329.1
20260701;2026-07-01;S026;377868.87
20260701;2026-07-01;S027;82331.09
20260701;2026-07-01;S028;286202.43
20260701;2026-07-01;S029;190970.09
20260701;2026-07-01;S030;415198.26
20260701;2026-07-01;S031;489797.17
20260701;2026-07-01;S032;350215.06
20260701;2026-07-01;S033;270819.41
20260701;2026-07-01;S034;331123.91
20260701;2026-07-01;S035;265548.49
20260701;2026-07-01;S036;770654.05
20260701;2026-07-01;S037;40553.13
20260701;2026-07-01;S038;567307.69
20260701;2026-07-01;S039;83621.45
20260701;2026-07-01;S040;153136.06
20260801;2026-08-01;S001;131183.76
20260801;2026-08-01;S002;81846.41
20260801;2026-08-01;S003;1199631.25
20260801;2026-08-01;S004;194332.38
20260801;2026-08-01;S005;55787.48
20260801;2026-08-01;S006;71248.65
20260801;2026-08-01;S007;415290.75
20260801;2026-08-01;S008;571109.07
20260801;2026-08-01;S009;215625.6
20260801;2026-08-01;S010;603373.14
20260801;2026-08-01;S011;510120.71
20260801;2026-08-01;S012;363668.87
20260801;2026-08-01;S013;503774.66
20260801;2026-08-01;S014;790027.81
20260801;2026-08-01;S015;64945.94
20260801;2026-08-01;S016;305089.14
20260801;2026-08-01;S017;307403.45
20260801;2026-08-01;S018;58754.17
20260801;2026-08-01;S019;296357.94
20260801;2026-08-01;S020;42210.52
20260801;2026-08-01;S021;235175.25
20260801;2026-08-01;S022;1561628.57
20260801;2026-08-01;S023;58877.91
20260801;2026-08-01;S024;149125.89
20260801;2026-08-01;S025;289292.43
20260801;2026-08-01;S026;219300.0
20260801;2026-08-01;S027;206614.62
20260801;2026-08-01;S028;234903.95
20260801;2026-08-01;S029;641580.41
20260801;2026-08-01;S030;166990.43
20260801;2026-08-01;S031;35555.21
20260801;2026-08-01;S032;282193.42
20260801;2026-08-01;S033;404145.68
20260801;2026-08-01;S034;47134.81
20260801;2026-08-01;S035;110685.33
20260801;2026-08-01;S036;1052637.87
20260801;2026-08-01;S037;182260.34
20260801;2026-08-01;S038;754513.46
20260801;2026-08-01;S039;291129.92
20260801;2026-08-01;S040;424004.45
